store,websites,attribute_set,type,category_ids,sku,has_options,name,meta_title,meta_description,image,small_image,thumbnail,custom_design,page_layout,options_container,image_label,small_image_label,thumbnail_label,country_of_manufacture,msrp_enabled,msrp_display_actual_price_type,gift_message_available,gift_wrapping_available,is_returnable,features,overlay,video_blocks,roundels,video_title,video_url,series_name,series_id,next_day_delivery_control,badges,video_tracking_id,dimensions,ean,google_product_category,url_key,price,special_price,cost,weight,msrp,gift_wrapping_price,manufacturer,color,status,is_recurring,visibility,tax_class_id,ebizmarts_mark_visited,comfort,delivery_time,edisupplier,mattress_sided,product_overlay,product_type,range,size,spring_system,matt_depth,psbc_springs,psbc_comfort,psbc_firmness,psbc_offer,quilt_type,description,short_description,meta_keyword,custom_layout_update,quick_description,video_text,mini_description,image_description,product_listing_description,special_from_date,special_to_date,news_from_date,news_to_date,custom_design_from,custom_design_to,qty,min_qty,use_config_min_qty,is_qty_decimal,backorders,use_config_backorders,min_sale_qty,use_config_min_sale_qty,max_sale_qty,use_config_max_sale_qty,is_in_stock,low_stock_date,notify_stock_qty,use_config_notify_stock_qty,manage_stock,use_config_manage_stock,stock_status_changed_auto,use_config_qty_increments,qty_increments,use_config_enable_qty_inc,enable_qty_increments,is_decimal_divided,stock_status_changed_automatically,use_config_enable_qty_increments,product_name,store_id,product_type_id,product_status_changed,product_changed_websites,website,_media_image,_media_lable,_media_position,_media_is_disabled,fabric,headboard_style,muk_features,studio_color,studio_mattress,studio_storage,studio_style,muk_brand,muk_comfort,muk_price,muk_spring,studio_id,base_type,storage,ready_made_collection,what_included,headboard_inc,collection_new,muk_size,muk_awards,lingo24_disabled,fibre_content,related_tgtr_position_limit,related_tgtr_position_behavior,upsell_tgtr_position_limit,upsell_tgtr_position_behavior,bedstead_type,slat_type,supplier_sku,heating_type,power_output,dog_chara,dog_extra,dog_features,dog_weight,dog_fabric,dog_range,dog_color,dog_size,top_guar,top_filling,top_tog,top_type,bedding_bundle_additions,pillow_bestfor,pillow_option
admin,"base,base_mattress",Mattresses,simple,,25NZ14090MR0001,0,"Silentnight Comfortable Foam Rolled Mattress, Single",,,/c/o/comfort_zone_main_1_1.jpg,/r/o/rolled_corner_co_v2_2.jpg,/r/o/rolled_corner_co_v2_2.jpg,,No layout updates,Product Info Column,,,, ,Use config,Use config,No,No,Use config,,,,,,,Silentnight Comfortable Foam Rolled Mattress ,SCFRM,Next Day Only,,,,5.04E+12,Furniture > Beds & Accessories > Mattresses,silentnight-comfortable-foam-rolled-mattress-single-3,124.1667,99.1667,,0,,,Silentnight,None,Enabled,No,Not Visible Individually,Taxable Goods,No,,2 Weeks,Silentnight,,,Mattress,Mattress Now,Single (3'),,,Please select...,Please select...,Please select...,Please select...,,<p>,Silentnight Comfortable Foam Rolled Mattress - Single,,,,,,,,01/05/2013 00:00,,,,,,100,0,1,0,0,1,1,1,0,1,1,,,1,0,0,1,1,0,1,0,0,1,1,"Silentnight Comfortable Foam Rolled Mattress, Single",0,simple,,,,,,,,,,,,,,,,,,,,,,,,,,,,,,,,,,,,,,,,,,,,,,,,,,,,,
admin,"base,base_mattress",Mattresses,simple,30,25Z318090MR0001,0,"Silentnight Rolled Mattress Now Memory 3 Zone, Single",,,/m/a/main_life_7.jpg,/3/_/3_zone_thumb_13.jpg,/3/_/3_zone_thumb_13.jpg,,No layout updates,Product Info Column,,,, ,Use config,Use config,No,No,Use config,Memory Foam,,,,,,Silentnight Rolled Mattress Now Memory 3 Zone ,SRMNM3Z,Next Day Only,,,,5.04E+12,Furniture > Beds & Accessories > Mattresses,silentnight-rolled-mattress-now-memory-3-zone-single,190.8333,132.5,60.97,0,,,Silentnight,None,Enabled,No,Not Visible Individually,Taxable Goods,No,,2 Weeks,Silentnight,,,Mattress,Mattress Now,Single (3'),,,Please select...,Please select...,Please select...,Please select...,,<p>,Silentnight Rolled Mattress Now Memory 3 Zone Single,,,,,,,,01/05/2013 00:00,,,,,,100,0,1,0,0,1,1,1,0,1,1,,,1,0,0,1,1,0,1,0,0,1,1,"Silentnight Rolled Mattress Now Memory 3 Zone, Single",0,simple,,,,,,,,,,,,,,,,,,,,,,,,,,,,,,,,,,,,,,,,,,,,,,,,,,,,,
admin,"base,base_mattress",Mattresses,simple,30,25Z318135MR0001,0,"Silentnight Rolled Mattress Now Memory 3 Zone, Double",,,/m/a/main_life_9.jpg,/3/_/3_zone_thumb_15.jpg,/3/_/3_zone_thumb_15.jpg,,No layout updates,Product Info Column,,,, ,Use config,Use config,No,No,Use config,Memory Foam,,,,,,Silentnight Rolled Mattress Now Memory 3 Zone ,SRMNM3Z,Next Day Only,,,,5.04E+12,Furniture > Beds & Accessories > Mattresses,silentnight-rolled-mattress-now-memory-3-zone-double,249.1667,182.5,82.24,0,,,Silentnight,None,Enabled,No,Not Visible Individually,Taxable Goods,No,,2 Weeks,Silentnight,,,Mattress,Mattress Now,"Double (4'6"")",,,Please select...,Please select...,Please select...,Please select...,,<p>,Silentnight Rolled Mattress Now Memory 3 Zone Double,,,,,,,,01/05/2013 00:00,,,,,,100,0,1,0,0,1,1,1,0,1,1,,,1,0,0,1,1,0,1,0,0,1,1,"Silentnight Rolled Mattress Now Memory 3 Zone, Double",0,simple,,,,,,,,,,,,,,,,,,,,,,,,,,,,,,,,,,,,,,,,,,,,,,,,,,,,,
admin,"base,base_mattress",Mattresses,simple,30,25Z318150MR0001,0,"Silentnight Rolled Mattress Now Memory 3 Zone, King Size",,,/m/a/main_life_11.jpg,/3/_/3_zone_thumb_17.jpg,/3/_/3_zone_thumb_17.jpg,,No layout updates,Product Info Column,,,, ,Use config,Use config,No,No,Use config,Memory Foam,,,,,,Silentnight Rolled Mattress Now Memory 3 Zone ,SRMNM3Z,Next Day Only,,,,5.04E+12,Furniture > Beds & Accessories > Mattresses,silentnight-rolled-mattress-now-memory-3-zone-king-size,290.8333,215.8333,92.44,0,,,Silentnight,None,Enabled,No,Not Visible Individually,Taxable Goods,No,,2 Weeks,Silentnight,,,Mattress,Mattress Now,King (5'),,,Please select...,Please select...,Please select...,Please select...,,<p>,Silentnight Rolled Mattress Now Memory 3 Zone Double,,,,,,,,01/05/2013 00:00,,,,,,100,0,1,0,0,1,1,1,0,1,1,,,1,0,0,1,1,0,1,0,0,1,1,"Silentnight Rolled Mattress Now Memory 3 Zone, King Size",0,simple,,,,,,,,,,,,,,,,,,,,,,,,,,,,,,,,,,,,,,,,,,,,,,,,,,,,,
admin,"base,base_mattress",Mattresses,simple,,25Z720090MR0001,0,"Silentnight Rolled Mattress Now Memory 7 Zone, Single",,,/7/_/7_zone_main_2_1_1.jpg,/z/o/zone7_corner_co_v2_1_1.jpg,/z/o/zone7_corner_co_v2_1_1.jpg,,No layout updates,Product Info Column,,,, ,Use config,Use config,No,No,Use config,Memory Foam,,,,,,Silentnight Rolled Mattress Now Memory 7 Zone ,SRMNM7Z,Next Day Only,,,,5.04E+12,Furniture > Beds & Accessories > Mattresses,silentnight-rolled-mattress-now-memory-7-zone-single,240.8333,174.1667,,0,,,Silentnight,None,Enabled,No,Not Visible Individually,Taxable Goods,No,,2 Weeks,Silentnight,,,Mattress,Mattress Now,Single (3'),,,Please select...,Please select...,Please select...,Please select...,,<p>,Silentnight Rolled Mattress Now Memory 7 Zone - Single,,,,,,,,01/05/2013 00:00,,,,,,100,0,1,0,0,1,1,1,0,1,1,,,1,0,0,1,1,0,1,0,0,1,1,"Silentnight Rolled Mattress Now Memory 7 Zone, Single",0,simple,,,,,,,,,,,,,,,,,,,,,,,,,,,,,,,,,,,,,,,,,,,,,,,,,,,,,
admin,"base,base_mattress",Mattresses,simple,,25Z720135MR0001,0,"Silentnight Rolled Mattress Now Memory 7 Zone, Double",,,/7/_/7_zone_main_2_1_3.jpg,/z/o/zone7_corner_co_v2_1_3.jpg,/z/o/zone7_corner_co_v2_1_3.jpg,,No layout updates,Product Info Column,,,, ,Use config,Use config,No,No,Use config,Memory Foam,,,,,,Silentnight Rolled Mattress Now Memory 7 Zone ,SRMNM7Z,Next Day Only,,,,5.04E+12,Furniture > Beds & Accessories > Mattresses,silentnight-rolled-mattress-now-memory-7-zone-double,307.5,224.1667,,0,,,Silentnight,None,Enabled,No,Not Visible Individually,Taxable Goods,No,,Next Day,Silentnight,,,Mattress,Mattress Now,"Double (4'6"")",,,Please select...,Please select...,Please select...,Please select...,,<p>,Silentnight Rolled Mattress Now Memory 7 Zone - Double,,,,,,,,01/05/2013 00:00,,,,,,100,0,1,0,0,1,1,1,0,1,1,,,1,0,0,1,1,0,1,0,0,1,1,"Silentnight Rolled Mattress Now Memory 7 Zone, Double",0,simple,,,,,,,,,,,,,,,,,,,,,,,,,,,,,,,,,,,,,,,,,,,,,,,,,,,,,
admin,"base,base_mattress",Mattresses,simple,,25Z720150MR0001,0,"Silentnight Rolled Mattress Now Memory 7 Zone, King Size",,,/7/_/7_zone_main_2_1_5.jpg,/z/o/zone7_corner_co_v2_1_5.jpg,/z/o/zone7_corner_co_v2_1_5.jpg,,No layout updates,Product Info Column,,,, ,Use config,Use config,No,No,Use config,Memory Foam,,,,,,Silentnight Rolled Mattress Now Memory 7 Zone ,SRMNM7Z,Next Day Only,,,,5.04E+12,Furniture > Beds & Accessories > Mattresses,silentnight-rolled-mattress-now-memory-7-zone-king,365.8333,249.1667,,0,,,Silentnight,None,Enabled,No,Not Visible Individually,Taxable Goods,No,,2 Weeks,Silentnight,,,Mattress,Mattress Now,King (5'),,,Please select...,Please select...,Please select...,Please select...,,Silentnight Rolled Mattress Now Memory 7 Zone - King,Silentnight Rolled Mattress Now Memory 7 Zone - King,,,,,,,,01/05/2013 00:00,,,,,,100,0,1,0,0,1,1,1,0,1,1,,,1,0,0,1,1,0,1,0,0,1,1,"Silentnight Rolled Mattress Now Memory 7 Zone, King Size",0,simple,,,,,,,,,,,,,,,,,,,,,,,,,,,,,,,,,,,,,,,,,,,,,,,,,,,,,
admin,"base,base_mattress",Mattresses,simple,,25NZ14135MR0001,0,"Silentnight Comfortable Foam Rolled Mattress, Double",,,/c/o/comfort_zone_main_1_4.jpg,/r/o/rolled_corner_co_v2_5.jpg,/r/o/rolled_corner_co_v2_5.jpg,,No layout updates,Product Info Column,,,, ,Use config,Use config,No,No,Use config,,,,,,,Silentnight Comfortable Foam Rolled Mattress ,SCFRM,Next Day Only,,,,5.04E+12,Furniture > Beds & Accessories > Mattresses,silentnight-comfortable-foam-rolled-mattress-double,157.5,132.5,,0,,,Silentnight,None,Enabled,No,Not Visible Individually,Taxable Goods,No,,2 Weeks,Silentnight,,,Mattress,Mattress Now,"Double (4'6"")",,,Please select...,Please select...,Please select...,Please select...,,<p>,Silentnight Comfortable Foam Rolled Mattress - Double,,,,,,,,01/05/2013 00:00,,,,,,100,0,1,0,0,1,1,1,0,1,1,,,1,0,0,1,1,0,1,0,0,1,1,"Silentnight Comfortable Foam Rolled Mattress, Double",0,simple,,,,,,,,,,,,,,,,,,,,,,,,,,,,,,,,,,,,,,,,,,,,,,,,,,,,,
admin,"base,base_mattress",Mattresses,simple,,25NZ14150MR0001,0,"Silentnight Comfortable Foam Rolled Mattress, King Size",,,/c/o/comfort_zone_main_1_7.jpg,/r/o/rolled_corner_co_v2_8.jpg,/r/o/rolled_corner_co_v2_8.jpg,,No layout updates,Product Info Column,,,, ,Use config,Use config,No,No,Use config,,,,,,,Silentnight Comfortable Foam Rolled Mattress ,SCFRM,Next Day Only,,,,5.04E+12,Furniture > Beds & Accessories > Mattresses,silentnight-comfortable-foam-rolled-mattress-king,190.8333,149.1667,,0,,,Silentnight,None,Enabled,No,Not Visible Individually,Taxable Goods,No,,2 Weeks,Silentnight,,,Mattress,Mattress Now,King (5'),,,Please select...,Please select...,Please select...,Please select...,,<p>,Silentnight Comfortable Foam Rolled Mattress - King,,,,,,,,01/05/2013 00:00,,,,,,100,0,1,0,0,1,1,1,0,1,1,,,1,0,0,1,1,0,1,0,0,1,1,"Silentnight Comfortable Foam Rolled Mattress, King Size",0,simple,,,,,,,,,,,,,,,,,,,,,,,,,,,,,,,,,,,,,,,,,,,,,,,,,,,,,
admin,base,Headboards,simple,,90PRIS090HB0042,0,"Silentnight Paris Headboard in Sandstone, Single",,,/p/a/paris_sandstone_front_1000px_1.jpg,/p/a/paris_sandstone_front_1000px_1.jpg,/p/a/paris_sandstone_front_1000px_1.jpg,,No layout updates,Product Info Column,,,, ,Use config,Use config,No,No,Use config,,,,,,,Silentnight Paris Headboard,SPARISH,No,,,,5.04E+12,Furniture > Beds & Accessories > Headboards & Footboards,paris-090cm-headboard-mink,82.5,,,0,,,Silentnight,Sandstone,Enabled,No,Not Visible Individually,Taxable Goods,No,,2 Weeks,Silentnight,,,Headboard,Headboard,Single (3'),,,,,,,,<p>,<p>The Paris Headboard offers simplicity and luxury to any bedroom. Padded for supreme comfort and available in selection of sumptuous  fabrics.</p>,,,,,,,,,,,,,,100,0,1,0,0,1,1,1,0,1,1,,,1,0,0,1,1,0,1,0,0,1,1,"Silentnight Paris Headboard in Sandstone, Single",0,simple,,,,,,,,Sandstone,,,,,,,,,,,,,,,,,,,,,,,,,,,,,,,,,,,,,,,,,,,,,
admin,base,Headboards,simple,,90PRIS120HB0042,0,"Silentnight Paris Headboard in Sandstone, Small Double ",,,/p/a/paris_sandstone_front_1000px_4.jpg,/p/a/paris_sandstone_front_1000px_4.jpg,/p/a/paris_sandstone_front_1000px_4.jpg,,No layout updates,Product Info Column,,,, ,Use config,Use config,No,No,Use config,,,,,,,Silentnight Paris Headboard,SPARISH,No,,,,5.04E+12,Furniture > Beds & Accessories > Headboards & Footboards,paris-120cm-headboard-mink,107.5,,,0,,,Silentnight,Sandstone,Enabled,No,Not Visible Individually,Taxable Goods,No,,2 Weeks,Silentnight,,,Headboard,Headboard,Small Double (4'),,,,,,,,<p>,<p>The Paris Headboard offers simplicity and luxury to any bedroom. Padded for supreme comfort and available in selection of sumptuous  fabrics.</p>,,,,,,,,01/05/2013 00:00,01/06/2013 00:00,,,,,100,0,1,0,0,1,1,1,0,1,1,,,1,0,0,0,1,0,1,0,0,0,1,"Silentnight Paris Headboard in Sandstone, Small Double ",0,simple,,,,,,,,Sandstone,,,,,,,,,,,,,,,,,,,,,,,,,,,,,,,,,,,,,,,,,,,,,
admin,base,Headboards,simple,,90PRIS135HB0042,0,"Silentnight Paris Headboard in Sandstone, Double ",,,/p/a/paris_sandstone_front_1000px_7.jpg,/p/a/paris_sandstone_front_1000px_7.jpg,/p/a/paris_sandstone_front_1000px_7.jpg,,No layout updates,Product Info Column,,,, ,Use config,Use config,No,No,Use config,,,,,,,Silentnight Paris Headboard,SPARISH,No,,,,5.04E+12,Furniture > Beds & Accessories > Headboards & Footboards,paris-135cm-headboard-mink,107.5,,,0,,,Silentnight,Sandstone,Enabled,No,Not Visible Individually,Taxable Goods,No,,2 Weeks,Silentnight,,,Headboard,Headboard,"Double (4'6"")",,,,,,,,<p>,<p>The Paris Headboard offers simplicity and luxury to any bedroom. Padded for supreme comfort and available in selection of sumptuous  fabrics.</p>,,,,,,,,01/05/2013 00:00,01/06/2013 00:00,,,,,100,0,1,0,0,1,1,1,0,1,1,,,1,0,0,1,1,0,1,0,0,1,1,"Silentnight Paris Headboard in Sandstone, Double ",0,simple,,,,,,,,Sandstone,,,,,,,,,,,,,,,,,,,,,,,,,,,,,,,,,,,,,,,,,,,,,
admin,base,Headboards,simple,,90PRIS150HB0042,0,"Silentnight Paris Headboard in Sandstone, King Size",,,/p/a/paris_sandstone_front_1000px_8.jpg,/p/a/paris_sandstone_front_1000px_8.jpg,/p/a/paris_sandstone_front_1000px_8.jpg,,No layout updates,Product Info Column,,,, ,Use config,Use config,No,No,Use config,,,,,,,Silentnight Paris Headboard,SPARISH,No,,,,5.04E+12,Furniture > Beds & Accessories > Headboards & Footboards,paris-150cm-headboard-mink,124.1667,,,0,,,Silentnight,Sandstone,Enabled,No,Not Visible Individually,Taxable Goods,No,,2 Weeks,Silentnight,,,Headboard,Headboard,King (5'),,,Please select...,Please select...,Please select...,Please select...,,<p>,<p>The Paris Headboard offers simplicity and luxury to any bedroom. Padded for supreme comfort and available in selection of sumptuous  fabrics.</p>,,,,,,,,01/05/2013 00:00,01/06/2013 00:00,,,,,100,0,1,0,0,1,1,1,0,1,1,,,1,0,0,1,1,0,1,0,0,1,1,"Silentnight Paris Headboard in Sandstone, King Size",0,simple,,,,,,,,Sandstone,,,,,,,,,,,,,,,,,,,,,,,,,,,,,,,,,,,,,,,,,,,,,
admin,base,Mattresses,simple,,25CEDS120MM0001,0,"Silentnight Essentials Mattress, Double Sided, Small Double",,,/c/o/core_a_essentials_double_sided_matt_corner_co_2.jpg,/c/o/core_a_essentials_double_sided_matt_corner_co_2.jpg,/c/o/core_a_essentials_double_sided_matt_corner_co_2.jpg,,,Product Info Column,,,,,,,,,Use config,,,,,,,Silentnight Essentials Mattress Double Sided Mattress,SEMDSM,,,,,5.04E+12,Furniture > Beds & Accessories > Mattresses,silentnight-essentials-mattress-double-sided-small-double,199.1667,,,,,,Silentnight,None,Enabled,,Not Visible Individually,Taxable Goods,,,2 Weeks,Silentnight,,,,,Small Double (4'),,,,,,,,<p>,<p>,,,,,,,,,,,,,,100,0,0,0,0,0,0,0,0,0,0,,0,0,0,0,0,1,0,1,0,0,0,1,"Silentnight Essentials Mattress, Double Sided, Small Double",0,simple,,,,,,,,,,,,,,,,,,,,,,,,,,,,,,,,,,,,,,,,,,,,,,,,,,,,,
admin,base,Mattresses,simple,,25CEDS135MM0001,0,"Silentnight Essentials Mattress, Double Sided, Double",,,/c/o/core_a_essentials_double_sided_matt_corner_co_3.jpg,/c/o/core_a_essentials_double_sided_matt_corner_co_3.jpg,/c/o/core_a_essentials_double_sided_matt_corner_co_3.jpg,,,Product Info Column,,,,,,,,,Use config,,,,,,,Silentnight Essentials Mattress Double Sided Mattress,SEMDSM,,,,,5.04E+12,Furniture > Beds & Accessories > Mattresses,silentnight-essentials-mattress-double-sided-double,199.1667,,,,,,Silentnight,None,Enabled,,Not Visible Individually,Taxable Goods,,,2 Weeks,Silentnight,,,,,"Double (4'6"")",,,,,,,,<p>,<p>,,,,,,,,,,,,,,100,0,0,0,0,0,0,0,0,0,0,,0,0,0,0,0,1,0,1,0,0,0,1,"Silentnight Essentials Mattress, Double Sided, Double",0,simple,,,,,,,,,,,,,,,,,,,,,,,,,,,,,,,,,,,,,,,,,,,,,,,,,,,,,
admin,base,Mattresses,simple,,25CEDS150MM0001,0,"Silentnight Essentials Mattress, Double Sided, King",,,/c/o/core_a_essentials_double_sided_matt_corner_co_4.jpg,/c/o/core_a_essentials_double_sided_matt_corner_co_4.jpg,/c/o/core_a_essentials_double_sided_matt_corner_co_4.jpg,,,Product Info Column,,,,,,,,,Use config,,,,,,,Silentnight Essentials Mattress Double Sided Mattress,SEMDSM,,,,,5.04E+12,Furniture > Beds & Accessories > Mattresses,silentnight-essentials-mattress-double-sided-king,232.5,,,,,,Silentnight,None,Enabled,,Not Visible Individually,Taxable Goods,,,2 Weeks,Silentnight,,,,,King (5'),,,,,,,,<p>,<p>,,,,,,,,,,,,,,100,0,0,0,0,0,0,0,0,0,0,,0,0,0,0,0,1,0,1,0,0,0,1,"Silentnight Essentials Mattress, Double Sided, King",0,simple,,,,,,,,,,,,,,,,,,,,,,,,,,,,,,,,,,,,,,,,,,,,,,,,,,,,,
admin,base,Mattresses,simple,,25CEDS180MM0001,0,"Silentnight Essentials Mattress, Double Sided, Super King",,,/c/o/core_a_essentials_double_sided_matt_corner_co_5.jpg,/c/o/core_a_essentials_double_sided_matt_corner_co_5.jpg,/c/o/core_a_essentials_double_sided_matt_corner_co_5.jpg,,,Product Info Column,,,,,,,,,Use config,,,,,,,Silentnight Essentials Mattress Double Sided Mattress,SEMDSM,,,,,5.04E+12,Furniture > Beds & Accessories > Mattresses,silentnight-essentials-mattress-double-sided-super-king,274.1667,,,,,,Silentnight,None,Enabled,,Not Visible Individually,Taxable Goods,,,2 Weeks,Silentnight,,,,,Super King (6'),,,,,,,,<p>,<p>,,,,,,,,,,,,,,100,0,0,0,0,0,0,0,0,0,0,,0,0,0,0,0,1,0,1,0,0,0,1,"Silentnight Essentials Mattress, Double Sided, Super King",0,simple,,,,,,,,,,,,,,,,,,,,,,,,,,,,,,,,,,,,,,,,,,,,,,,,,,,,,
admin,"base,base_mattress",Mattresses,simple,"164,177",25SPEM090MM0001,0,"Silentnight Comfort Pocket Essentials Memory Mattress, Single",,,/c/o/core_a_essentials_1000_pocket_matt_corner_co_2.jpg,/c/o/core_a_essentials_1000_pocket_matt_corner_co_2.jpg,/c/o/core_a_essentials_1000_pocket_matt_corner_co_2.jpg,,No layout updates,Product Info Column,,,, ,Use config,Use config,No,No,Use config,Memory Foam,,,,,,Silentnight Essentials 1000 Memory Mattress,SE10MM,No,,,,5.04E+12,Furniture > Beds & Accessories > Mattresses,silentnight-essentials-1000-memory-mattress-single,240.83,,,0,,,Silentnight,None,Enabled,No,Not Visible Individually,Taxable Goods,No,Medium/Firm,2 Weeks,Silentnight,,,Mattress,Essentials,Single (3'),,,Please select...,Please select...,Please select...,Please select...,,"<a href=""http://www.silentnightgroup.co.uk/Download/Certificate/1235/Essentials%20Collection/Comfort%20Essentials/flammability_certificate_silentnight.pdf/?retailer=General%20Consumer"" target=""_blank""><img src=""{{media url=""/wysiwyg/home/navigation/fire-safety-logo.png""}}"" style=""width:150px;"" align=""right"" style=""padding: 15px 15px 15px 15px;""></a><h4><strong>Our new Essentials range</strong></h4><p>The new essentials range from Silentnight offers great quality products at affordable prices.</p><h4><strong>Mirapocket® Spring system</strong></h4><p>Our Mirapocket® spring system will offers the following great benefits:<ul><li>Offers various spring  to meet your individual comfort needs, allowing you to find your perfect comfort solution for a great night's sleep.</li><li>Individual responsive spring system providing zoned support.</li><li>Pressure relief for a comfortable night's sleep.</li><li>Edge to edge support providing more presonal sleep space.</li></ul><h4><strong>Memory Foam</strong></h4><p>Body moulding memory foam for pressure relief and soothing comfort.</p><h4><strong>Hypoallergenic</strong></h4><p>This mattress is hypoallergenic and dust mite resistant for a healthier sleep.</p><h4><strong>Quality Assurance</strong></h4><ul><li>Accredited onsite laboratory to bring the best products to you.</li><li>Every Silentnight mattress type is tested to ensure it exceeds all British standards.</li><li>We are full members of the Furniture Industry Sustainability Program.</li><br><h4><strong>Fibre Content</strong></h4><p>Sleep Surface - 100% Polyester<br>Underside - 60% Polypropylene / 40% Polyester<br>Side Border - 64% Polyester / 36% Polypropylene</br><br><b>Listed spring counts are based on a king size mattress (measuring 5ft x 6ft 6in /150cm x 200cm). The amount of springs will alter on a pro-rata basis dependent on mattress size.</b></ul>
",<ul><li>1000 Mirapocket spring system</li><li>Body moulding memory foam</li><li>Hypoallergenic and dust mite free</li><li>Mattress Depth: 25cm</li><li>Comfort: Medium/Firm</li></ul>,,,,,<ul><li>1000 Mirapocket spring system</li><li>Body moulding memory foam</li><li>Hypoallergenic and dust mite free</li><li>Mattress Depth: 25cm</li><li>Comfort: Medium/Firm</li></ul>,,,,,,,,,100,0,0,0,0,0,0,0,0,0,1,,0,0,0,0,0,1,0,1,0,0,0,1,"Silentnight Comfort Pocket Essentials Memory Mattress, Single",0,simple,,,,,,,,,,Memory Foam,,,,,Silentnight,Medium/Firm,low,Mirapocket,,,,,,,,Single (3'),,,,,,,,,,,,,,,,,,,,,,,,,,,
admin,"base,base_mattress",Mattresses,simple,"177,179,185",25SPEM120MM0001,0,"Silentnight Comfort Pocket Essentials Memory Mattress, Small Double",,,/c/o/core_a_essentials_1000_pocket_matt_corner_co_3.jpg,/c/o/core_a_essentials_1000_pocket_matt_corner_co_3.jpg,/c/o/core_a_essentials_1000_pocket_matt_corner_co_3.jpg,,No layout updates,Product Info Column,,,, ,Use config,Use config,No,No,Use config,Memory Foam,,,,,,Silentnight Essentials 1000 Memory Mattress,SE10MM,No,,,,5.04E+12,Furniture > Beds & Accessories > Mattresses,silentnight-essentials-1000-memory-mattress-small-double,324.17,,,0,,,Silentnight,None,Enabled,No,Not Visible Individually,Taxable Goods,No,Medium/Firm,2 Weeks,Silentnight,,,Mattress,Essentials,Small Double (4'),,,Please select...,Please select...,Please select...,Please select...,,"<a href=""http://www.silentnightgroup.co.uk/Download/Certificate/1235/Essentials%20Collection/Comfort%20Essentials/flammability_certificate_silentnight.pdf/?retailer=General%20Consumer"" target=""_blank""><img src=""{{media url=""/wysiwyg/home/navigation/fire-safety-logo.png""}}"" style=""width:150px;"" align=""right"" style=""padding: 15px 15px 15px 15px;""></a><h4><strong>Our new Essentials range</strong></h4><p>The new essentials range from Silentnight offers great quality products at affordable prices.</p><h4><strong>Mirapocket® Spring system</strong></h4><p>Our Mirapocket® spring system will offers the following great benefits:<ul><li>Offers various spring  to meet your individual comfort needs, allowing you to find your perfect comfort solution for a great night's sleep.</li><li>Individual responsive spring system providing zoned support.</li><li>Pressure relief for a comfortable night's sleep.</li><li>Edge to edge support providing more presonal sleep space.</li></ul><h4><strong>Memory Foam</strong></h4><p>Body moulding memory foam for pressure relief and soothing comfort.</p><h4><strong>Hypoallergenic</strong></h4><p>This mattress is hypoallergenic and dust mite resistant for a healthier sleep.</p><h4><strong>Quality Assurance</strong></h4><ul><li>Accredited onsite laboratory to bring the best products to you.</li><li>Every Silentnight mattress type is tested to ensure it exceeds all British standards.</li><li>We are full members of the Furniture Industry Sustainability Program.</li><br><h4><strong>Fibre Content</strong></h4><p>Sleep Surface - 100% Polyester<br>Underside - 60% Polypropylene / 40% Polyester<br>Side Border - 64% Polyester / 36% Polypropylene</br><br><b>Listed spring counts are based on a king size mattress (measuring 5ft x 6ft 6in /150cm x 200cm). The amount of springs will alter on a pro-rata basis dependent on mattress size.</b></ul>
",<ul><li>1000 Mirapocket spring system</li><li>Body moulding memory foam</li><li>Hypoallergenic and dust mite free</li><li>Mattress Depth: 25cm</li><li>Comfort: Medium/Firm</li></ul>,,,,,<ul><li>1000 Mirapocket spring system</li><li>Body moulding memory foam</li><li>Hypoallergenic and dust mite free</li><li>Mattress Depth: 25cm</li><li>Comfort: Medium/Firm</li></ul>,,,,,,,,,100,0,0,0,0,0,0,0,0,0,1,,0,0,0,0,0,1,0,1,0,0,0,1,"Silentnight Comfort Pocket Essentials Memory Mattress, Small Double",0,simple,,,,,,,,,,Memory Foam,,,,,Silentnight,Medium/Firm,low,Mirapocket,,,,,,,,Small Double (4'),,,,,,,,,,,,,,,,,,,,,,,,,,,
admin,"base,base_mattress",Mattresses,simple,"165,177",25SPEM135MM0001,0,"Silentnight Comfort Pocket Essentials Memory Mattress, Double",,,/c/o/core_a_essentials_1000_pocket_matt_corner_co_4.jpg,/c/o/core_a_essentials_1000_pocket_matt_corner_co_4.jpg,/c/o/core_a_essentials_1000_pocket_matt_corner_co_4.jpg,,No layout updates,Product Info Column,,,, ,Use config,Use config,No,No,Use config,Memory Foam,,,,,,Silentnight Essentials 1000 Memory Mattress,SE10MM,No,,,,5.04E+12,Furniture > Beds & Accessories > Mattresses,silentnight-essentials-1000-memory-mattress-double,324.17,,,0,,,Silentnight,None,Enabled,No,Not Visible Individually,Taxable Goods,No,Medium/Firm,2 Weeks,Silentnight,,,Mattress,Essentials,"Double (4'6"")",,,Please select...,Please select...,Please select...,Please select...,,"<a href=""http://www.silentnightgroup.co.uk/Download/Certificate/1235/Essentials%20Collection/Comfort%20Essentials/flammability_certificate_silentnight.pdf/?retailer=General%20Consumer"" target=""_blank""><img src=""{{media url=""/wysiwyg/home/navigation/fire-safety-logo.png""}}"" style=""width:150px;"" align=""right"" style=""padding: 15px 15px 15px 15px;""></a><h4><strong>Our new Essentials range</strong></h4><p>The new essentials range from Silentnight offers great quality products at affordable prices.</p><h4><strong>Mirapocket® Spring system</strong></h4><p>Our Mirapocket® spring system will offers the following great benefits:<ul><li>Offers various spring  to meet your individual comfort needs, allowing you to find your perfect comfort solution for a great night's sleep.</li><li>Individual responsive spring system providing zoned support.</li><li>Pressure relief for a comfortable night's sleep.</li><li>Edge to edge support providing more presonal sleep space.</li></ul><h4><strong>Memory Foam</strong></h4><p>Body moulding memory foam for pressure relief and soothing comfort.</p><h4><strong>Hypoallergenic</strong></h4><p>This mattress is hypoallergenic and dust mite resistant for a healthier sleep.</p><h4><strong>Quality Assurance</strong></h4><ul><li>Accredited onsite laboratory to bring the best products to you.</li><li>Every Silentnight mattress type is tested to ensure it exceeds all British standards.</li><li>We are full members of the Furniture Industry Sustainability Program.</li><br><h4><strong>Fibre Content</strong></h4><p>Sleep Surface - 100% Polyester<br>Underside - 60% Polypropylene / 40% Polyester<br>Side Border - 64% Polyester / 36% Polypropylene</br><br><b>Listed spring counts are based on a king size mattress (measuring 5ft x 6ft 6in /150cm x 200cm). The amount of springs will alter on a pro-rata basis dependent on mattress size.</b></ul>
",<ul><li>1000 Mirapocket spring system</li><li>Body moulding memory foam</li><li>Hypoallergenic and dust mite free</li><li>Mattress Depth: 25cm</li><li>Comfort: Medium/Firm</li></ul>,,,,,<ul><li>1000 Mirapocket spring system</li><li>Body moulding memory foam</li><li>Hypoallergenic and dust mite free</li><li>Mattress Depth: 25cm</li><li>Comfort: Medium/Firm</li></ul>,,,,,,,,,100,0,0,0,0,0,0,0,0,0,1,,0,0,0,0,0,1,0,1,0,0,0,1,"Silentnight Comfort Pocket Essentials Memory Mattress, Double",0,simple,,,,,,,,,,Memory Foam,,,,,Silentnight,Medium/Firm,low,Mirapocket,,,,,,,,"Double (4'6"")",,,,,,,,,,,,,,,,,,,,,,,,,,,
admin,"base,base_mattress",Mattresses,simple,"166,177",25SPEM150MM0001,0,"Silentnight Comfort Pocket Essentials Memory Mattress, King Size",,,/c/o/core_a_essentials_1000_pocket_matt_corner_co_5.jpg,/c/o/core_a_essentials_1000_pocket_matt_corner_co_5.jpg,/c/o/core_a_essentials_1000_pocket_matt_corner_co_5.jpg,,No layout updates,Product Info Column,,,, ,Use config,Use config,No,No,Use config,Memory Foam,,,,,,Silentnight Essentials 1000 Memory Mattress,SE10MM,No,,,,5.04E+12,Furniture > Beds & Accessories > Mattresses,silentnight-essentials-1000-memory-mattress-king,374.17,,,0,,,Silentnight,None,Enabled,No,Not Visible Individually,Taxable Goods,No,Medium/Firm,2 Weeks,Silentnight,,,Mattress,Essentials,King (5'),,,Please select...,Please select...,Please select...,Please select...,,"<a href=""http://www.silentnightgroup.co.uk/Download/Certificate/1235/Essentials%20Collection/Comfort%20Essentials/flammability_certificate_silentnight.pdf/?retailer=General%20Consumer"" target=""_blank""><img src=""{{media url=""/wysiwyg/home/navigation/fire-safety-logo.png""}}"" style=""width:150px;"" align=""right"" style=""padding: 15px 15px 15px 15px;""></a><h4><strong>Our new Essentials range</strong></h4><p>The new essentials range from Silentnight offers great quality products at affordable prices.</p><h4><strong>Mirapocket® Spring system</strong></h4><p>Our Mirapocket® spring system will offers the following great benefits:<ul><li>Offers various spring  to meet your individual comfort needs, allowing you to find your perfect comfort solution for a great night's sleep.</li><li>Individual responsive spring system providing zoned support.</li><li>Pressure relief for a comfortable night's sleep.</li><li>Edge to edge support providing more presonal sleep space.</li></ul><h4><strong>Memory Foam</strong></h4><p>Body moulding memory foam for pressure relief and soothing comfort.</p><h4><strong>Hypoallergenic</strong></h4><p>This mattress is hypoallergenic and dust mite resistant for a healthier sleep.</p><h4><strong>Quality Assurance</strong></h4><ul><li>Accredited onsite laboratory to bring the best products to you.</li><li>Every Silentnight mattress type is tested to ensure it exceeds all British standards.</li><li>We are full members of the Furniture Industry Sustainability Program.</li><br><h4><strong>Fibre Content</strong></h4><p>Sleep Surface - 100% Polyester<br>Underside - 60% Polypropylene / 40% Polyester<br>Side Border - 64% Polyester / 36% Polypropylene</br><br><b>Listed spring counts are based on a king size mattress (measuring 5ft x 6ft 6in /150cm x 200cm). The amount of springs will alter on a pro-rata basis dependent on mattress size.</b></ul>
",<ul><li>1000 Mirapocket spring system</li><li>Body moulding memory foam</li><li>Hypoallergenic and dust mite free</li><li>Mattress Depth: 25cm</li><li>Comfort: Medium/Firm</li></ul>,,,,,<ul><li>1000 Mirapocket spring system</li><li>Body moulding memory foam</li><li>Hypoallergenic and dust mite free</li><li>Mattress Depth: 25cm</li><li>Comfort: Medium/Firm</li></ul>,,,,,,,,,100,0,0,0,0,0,0,0,0,0,1,,0,0,0,0,0,1,0,1,0,0,0,1,"Silentnight Comfort Pocket Essentials Memory Mattress, King Size",0,simple,,,,,,,,,,Memory Foam,,,,,Silentnight,Medium/Firm,low,Mirapocket,,,,,,,,King Size (5'),,,,,,,,,,,,,,,,,,,,,,,,,,,
admin,"base,base_mattress",Mattresses,simple,"167,177",25SPEM180MM0001,0,"Silentnight Comfort Pocket Essentials Memory Mattress, Super King",,,/c/o/core_a_essentials_1000_pocket_matt_corner_co_6.jpg,/c/o/core_a_essentials_1000_pocket_matt_corner_co_6.jpg,/c/o/core_a_essentials_1000_pocket_matt_corner_co_6.jpg,,No layout updates,Product Info Column,,,, ,Use config,Use config,No,No,Use config,Memory Foam,,,,,,Silentnight Essentials 1000 Memory Mattress,SE10MM,No,,,,5.04E+12,Furniture > Beds & Accessories > Mattresses,silentnight-essentials-1000-memory-mattress-super-king,440.83,,,0,,,Silentnight,None,Enabled,No,Not Visible Individually,Taxable Goods,No,Medium/Firm,2 Weeks,Silentnight,,,Mattress,Essentials,Super King (6'),,,Please select...,Please select...,Please select...,Please select...,,"<a href=""http://www.silentnightgroup.co.uk/Download/Certificate/1235/Essentials%20Collection/Comfort%20Essentials/flammability_certificate_silentnight.pdf/?retailer=General%20Consumer"" target=""_blank""><img src=""{{media url=""/wysiwyg/home/navigation/fire-safety-logo.png""}}"" style=""width:150px;"" align=""right"" style=""padding: 15px 15px 15px 15px;""></a><h4><strong>Our new Essentials range</strong></h4><p>The new essentials range from Silentnight offers great quality products at affordable prices.</p><h4><strong>Mirapocket® Spring system</strong></h4><p>Our Mirapocket® spring system will offers the following great benefits:<ul><li>Offers various spring  to meet your individual comfort needs, allowing you to find your perfect comfort solution for a great night's sleep.</li><li>Individual responsive spring system providing zoned support.</li><li>Pressure relief for a comfortable night's sleep.</li><li>Edge to edge support providing more presonal sleep space.</li></ul><h4><strong>Memory Foam</strong></h4><p>Body moulding memory foam for pressure relief and soothing comfort.</p><h4><strong>Hypoallergenic</strong></h4><p>This mattress is hypoallergenic and dust mite resistant for a healthier sleep.</p><h4><strong>Quality Assurance</strong></h4><ul><li>Accredited onsite laboratory to bring the best products to you.</li><li>Every Silentnight mattress type is tested to ensure it exceeds all British standards.</li><li>We are full members of the Furniture Industry Sustainability Program.</li><br><h4><strong>Fibre Content</strong></h4><p>Sleep Surface - 100% Polyester<br>Underside - 60% Polypropylene / 40% Polyester<br>Side Border - 64% Polyester / 36% Polypropylene</br><br><b>Listed spring counts are based on a king size mattress (measuring 5ft x 6ft 6in /150cm x 200cm). The amount of springs will alter on a pro-rata basis dependent on mattress size.</b></ul>
",<ul><li>1000 Mirapocket spring system</li><li>Body moulding memory foam</li><li>Hypoallergenic and dust mite free</li><li>Mattress Depth: 25cm</li><li>Comfort: Medium/Firm</li></ul>,,,,,<ul><li>1000 Mirapocket spring system</li><li>Body moulding memory foam</li><li>Hypoallergenic and dust mite free</li><li>Mattress Depth: 25cm</li><li>Comfort: Medium/Firm</li></ul>,,,,,,,,,100,0,0,0,0,0,0,0,0,0,1,,0,0,0,0,0,1,0,1,0,0,0,1,"Silentnight Comfort Pocket Essentials Memory Mattress, Super King",0,simple,,,,,,,,,,Memory Foam,,,,,Silentnight,Medium/Firm,low,Mirapocket,,,,,,,,Super King Size (6'),,,,,,,,,,,,,,,,,,,,,,,,,,,
admin,"base,base_mattress",Mattresses,simple,"164,177",25CEEC090MM0001,0,"Silentnight Comfort Essentials Mattress, Single",,,/c/o/core_a_essentials_easycare_matt_corner_co_2.jpg,/c/o/core_a_essentials_easycare_matt_corner_co_2.jpg,/c/o/core_a_essentials_easycare_matt_corner_co_2.jpg,,No layout updates,Product Info Column,,,, ,Use config,Use config,No,No,Use config,,,,,,,Silentnight Essentials Mattress Easycare Mattress,SEMEM,No,,,,5.04E+12,Furniture > Beds & Accessories > Mattresses,silentnight-essentials-mattress-easycare-single,157.5,,,0,,,Silentnight,None,Enabled,No,Not Visible Individually,Taxable Goods,No,Firm,2 Weeks,Silentnight,,,Mattress,Essentials,Single (3'),,,Please select...,Please select...,Please select...,Please select...,,"<a href=""http://www.silentnightgroup.co.uk/Download/Certificate/1235/Core%20Range/Essentials%20Easy%20Care/flammability_certificate_silentnight.pdf/?retailer=General%20Consumer"" target=""_blank""><img src=""{{media url=""/wysiwyg/home/navigation/fire-safety-logo.png""}}"" style=""width:150px;"" align=""right"" style=""padding: 15px 15px 15px 15px;""></a><h4><strong>Our new Essentials range</strong></h4><p>The new essentials range from Silentnight offers great quality products at affordable prices.</p><h4><strong>Miracoil® Spring system</strong></h4><p>The unique zoned Miracoil® spring system offers comfort and support for all shapes and sizes. Unlike an ordinary circular spring system, Miracoil's unique shape has twice as many springs offering improved pressure relief, edge to edge support for maximum sleep space and zoned support right where you need it most. Tried and tested Miracoil® Spring System also has enhanced durability providing superior comfort over many years.  Our Miracoil® spring system will also offer the following benefits:<ul><li>Edge to edge support providing more personal sleep space</li><li>No roll together ensuring less partner disturbance</li><li>Zoned support for perfect spinal alignment</li><li>Pressure relief for a comfortable night's sleep</li></ul><h4><strong>Pressure relief</strong></h4><p>Pressure can build up into painful hotspots, causing pins and needles or aches and pains. Miracoil® spring systems give pressure relief for a comfortable night's sleep.</p><strong>Quality Assurance</strong></h4><ul><li>Accredited onsite laboratory to bring the best products to you.</li><li>Every Silentnight mattress type is tested to ensure it exceeds all British standards.</li><li>We are full members of the Furniture Industry Sustainability Program.</li><p><h4><strong>Fibre Content</strong></h4><p>Sleep Surface - 64% Polyester / 36% Polypropylene<br>Underside - 60% Polypropylene / 40% Polyester<br>Side Border - 64% Polyester / 36% Polypropylene</p></ul>
",<ul><li>Miracoil zoned spring system</li><li>Luxury loft mircro quilt cover</li><li>Hypoallergenic and dust mite free</li><li>Mattress Depth: 21cm</li><li>Comfort: Firm</li></ul>,,,,,<ul><li>Miracoil zoned spring system</li><li>Luxury loft mircro quilt cover</li><li>Hypoallergenic and dust mite free</li><li>Mattress Depth: 21cm</li><li>Comfort: Firm</li></ul>,,,,,,,,,100,0,0,0,0,0,0,0,0,0,1,,0,0,0,0,1,1,0,1,0,0,1,1,"Silentnight Comfort Essentials Mattress, Single",0,simple,,,,,,,,,,Microquilt,,,,,Silentnight,Firm,low,Miracoil,,,,,,,,Single (3'),,,,,,,,,,,,,,,,,,,,,,,,,,,
admin,"base,base_mattress",Mattresses,simple,"177,179,185",25CEEC120MM0001,0,"Silentnight Comfort Essentials Mattress, Small Double",,,/c/o/core_a_essentials_easycare_matt_corner_co_3.jpg,/c/o/core_a_essentials_easycare_matt_corner_co_3.jpg,/c/o/core_a_essentials_easycare_matt_corner_co_3.jpg,,No layout updates,Product Info Column,,,, ,Use config,Use config,No,No,Use config,,,,,,,Silentnight Essentials Mattress Easycare Mattress,SEMEM,No,,,,5.04E+12,Furniture > Beds & Accessories > Mattresses,silentnight-essentials-mattress-easycare-small-double,224.17,,,0,,,Silentnight,None,Enabled,No,Not Visible Individually,Taxable Goods,No,Firm,2 Weeks,Silentnight,,,Mattress,Essentials,Small Double (4'),,,Please select...,Please select...,Please select...,Please select...,,"<a href=""http://www.silentnightgroup.co.uk/Download/Certificate/1235/Core%20Range/Essentials%20Easy%20Care/flammability_certificate_silentnight.pdf/?retailer=General%20Consumer"" target=""_blank""><img src=""{{media url=""/wysiwyg/home/navigation/fire-safety-logo.png""}}"" style=""width:150px;"" align=""right"" style=""padding: 15px 15px 15px 15px;""></a><h4><strong>Our new Essentials range</strong></h4><p>The new essentials range from Silentnight offers great quality products at affordable prices.</p><h4><strong>Miracoil® Spring system</strong></h4><p>The unique zoned Miracoil® spring system offers comfort and support for all shapes and sizes. Unlike an ordinary circular spring system, Miracoil's unique shape has twice as many springs offering improved pressure relief, edge to edge support for maximum sleep space and zoned support right where you need it most. Tried and tested Miracoil® Spring System also has enhanced durability providing superior comfort over many years.  Our Miracoil® spring system will also offer the following benefits:<ul><li>Edge to edge support providing more personal sleep space</li><li>No roll together ensuring less partner disturbance</li><li>Zoned support for perfect spinal alignment</li><li>Pressure relief for a comfortable night's sleep</li></ul><h4><strong>Pressure relief</strong></h4><p>Pressure can build up into painful hotspots, causing pins and needles or aches and pains. Miracoil® spring systems give pressure relief for a comfortable night's sleep.</p><strong>Quality Assurance</strong></h4><ul><li>Accredited onsite laboratory to bring the best products to you.</li><li>Every Silentnight mattress type is tested to ensure it exceeds all British standards.</li><li>We are full members of the Furniture Industry Sustainability Program.</li><p><h4><strong>Fibre Content</strong></h4><p>Sleep Surface - 64% Polyester / 36% Polypropylene<br>Underside - 60% Polypropylene / 40% Polyester<br>Side Border - 64% Polyester / 36% Polypropylene</p></ul>
",<ul><li>Miracoil zoned spring system</li><li>Luxury loft mircro quilt cover</li><li>Hypoallergenic and dust mite free</li><li>Mattress Depth: 21cm</li><li>Comfort: Firm</li></ul>,,,,,<ul><li>Miracoil zoned spring system</li><li>Luxury loft mircro quilt cover</li><li>Hypoallergenic and dust mite free</li><li>Mattress Depth: 21cm</li><li>Comfort: Firm</li></ul>,,,,,,,,,100,0,0,0,0,0,0,0,0,0,1,,0,0,0,0,0,1,0,1,0,0,0,1,"Silentnight Comfort Essentials Mattress, Small Double",0,simple,,,,,,,,,,Microquilt,,,,,Silentnight,Firm,low,Miracoil,,,,,,,,Small Double (4'),,,,,,,,,,,,,,,,,,,,,,,,,,,
admin,"base,base_mattress",Mattresses,simple,"165,177",25CEEC135MM0001,0,"Silentnight Comfort Essentials Mattress, Double",,,/c/o/core_a_essentials_easycare_matt_corner_co_4.jpg,/c/o/core_a_essentials_easycare_matt_corner_co_4.jpg,/c/o/core_a_essentials_easycare_matt_corner_co_4.jpg,,No layout updates,Product Info Column,,,, ,Use config,Use config,No,No,Use config,,,,,,,Silentnight Essentials Mattress Easycare Mattress,SEMEM,No,,,,5.04E+12,Furniture > Beds & Accessories > Mattresses,silentnight-essentials-mattress-easycare-double,224.17,,,0,,,Silentnight,None,Enabled,No,Not Visible Individually,Taxable Goods,No,Firm,2 Weeks,Silentnight,,,Mattress,Essentials,"Double (4'6"")",,,Please select...,Please select...,Please select...,Please select...,,"<a href=""http://www.silentnightgroup.co.uk/Download/Certificate/1235/Core%20Range/Essentials%20Easy%20Care/flammability_certificate_silentnight.pdf/?retailer=General%20Consumer"" target=""_blank""><img src=""{{media url=""/wysiwyg/home/navigation/fire-safety-logo.png""}}"" style=""width:150px;"" align=""right"" style=""padding: 15px 15px 15px 15px;""></a><h4><strong>Our new Essentials range</strong></h4><p>The new essentials range from Silentnight offers great quality products at affordable prices.</p><h4><strong>Miracoil® Spring system</strong></h4><p>The unique zoned Miracoil® spring system offers comfort and support for all shapes and sizes. Unlike an ordinary circular spring system, Miracoil's unique shape has twice as many springs offering improved pressure relief, edge to edge support for maximum sleep space and zoned support right where you need it most. Tried and tested Miracoil® Spring System also has enhanced durability providing superior comfort over many years.  Our Miracoil® spring system will also offer the following benefits:<ul><li>Edge to edge support providing more personal sleep space</li><li>No roll together ensuring less partner disturbance</li><li>Zoned support for perfect spinal alignment</li><li>Pressure relief for a comfortable night's sleep</li></ul><h4><strong>Pressure relief</strong></h4><p>Pressure can build up into painful hotspots, causing pins and needles or aches and pains. Miracoil® spring systems give pressure relief for a comfortable night's sleep.</p><strong>Quality Assurance</strong></h4><ul><li>Accredited onsite laboratory to bring the best products to you.</li><li>Every Silentnight mattress type is tested to ensure it exceeds all British standards.</li><li>We are full members of the Furniture Industry Sustainability Program.</li><p><h4><strong>Fibre Content</strong></h4><p>Sleep Surface - 64% Polyester / 36% Polypropylene<br>Underside - 60% Polypropylene / 40% Polyester<br>Side Border - 64% Polyester / 36% Polypropylene</p></ul>
",<ul><li>Miracoil zoned spring system</li><li>Luxury loft mircro quilt cover</li><li>Hypoallergenic and dust mite free</li><li>Mattress Depth: 21cm</li><li>Comfort: Firm</li></ul>,,,,,<ul><li>Miracoil zoned spring system</li><li>Luxury loft mircro quilt cover</li><li>Hypoallergenic and dust mite free</li><li>Mattress Depth: 21cm</li><li>Comfort: Firm</li></ul>,,,,,,,,,100,0,0,0,0,0,0,0,0,0,1,,0,0,0,0,1,1,0,1,0,0,1,1,"Silentnight Comfort Essentials Mattress, Double",0,simple,,,,,,,,,,Microquilt,,,,,Silentnight,Firm,low,Miracoil,,,,,,,,"Double (4'6"")",,,,,,,,,,,,,,,,,,,,,,,,,,,
admin,"base,base_mattress",Mattresses,simple,"166,177",25CEEC150MM0001,0,"Silentnight Comfort Essentials Mattress, King Size",,,/c/o/core_a_essentials_easycare_matt_corner_co_5.jpg,/c/o/core_a_essentials_easycare_matt_corner_co_5.jpg,/c/o/core_a_essentials_easycare_matt_corner_co_5.jpg,,No layout updates,Product Info Column,,,, ,Use config,Use config,No,No,Use config,,,,,,,Silentnight Essentials Mattress Easycare Mattress,SEMEM,No,,,,5.04E+12,Furniture > Beds & Accessories > Mattresses,silentnight-essentials-mattress-easycare-king,257.5,,,0,,,Silentnight,None,Enabled,No,Not Visible Individually,Taxable Goods,No,Firm,2 Weeks,Silentnight,,,Mattress,Essentials,King (5'),,,Please select...,Please select...,Please select...,Please select...,,"<a href=""http://www.silentnightgroup.co.uk/Download/Certificate/1235/Core%20Range/Essentials%20Easy%20Care/flammability_certificate_silentnight.pdf/?retailer=General%20Consumer"" target=""_blank""><img src=""{{media url=""/wysiwyg/home/navigation/fire-safety-logo.png""}}"" style=""width:150px;"" align=""right"" style=""padding: 15px 15px 15px 15px;""></a><h4><strong>Our new Essentials range</strong></h4><p>The new essentials range from Silentnight offers great quality products at affordable prices.</p><h4><strong>Miracoil® Spring system</strong></h4><p>The unique zoned Miracoil® spring system offers comfort and support for all shapes and sizes. Unlike an ordinary circular spring system, Miracoil's unique shape has twice as many springs offering improved pressure relief, edge to edge support for maximum sleep space and zoned support right where you need it most. Tried and tested Miracoil® Spring System also has enhanced durability providing superior comfort over many years.  Our Miracoil® spring system will also offer the following benefits:<ul><li>Edge to edge support providing more personal sleep space</li><li>No roll together ensuring less partner disturbance</li><li>Zoned support for perfect spinal alignment</li><li>Pressure relief for a comfortable night's sleep</li></ul><h4><strong>Pressure relief</strong></h4><p>Pressure can build up into painful hotspots, causing pins and needles or aches and pains. Miracoil® spring systems give pressure relief for a comfortable night's sleep.</p><strong>Quality Assurance</strong></h4><ul><li>Accredited onsite laboratory to bring the best products to you.</li><li>Every Silentnight mattress type is tested to ensure it exceeds all British standards.</li><li>We are full members of the Furniture Industry Sustainability Program.</li><p><h4><strong>Fibre Content</strong></h4><p>Sleep Surface - 64% Polyester / 36% Polypropylene<br>Underside - 60% Polypropylene / 40% Polyester<br>Side Border - 64% Polyester / 36% Polypropylene</p></ul>
",<ul><li>Miracoil zoned spring system</li><li>Luxury loft mircro quilt cover</li><li>Hypoallergenic and dust mite free</li><li>Mattress Depth: 21cm</li><li>Comfort: Firm</li></ul>,,,,,<ul><li>Miracoil zoned spring system</li><li>Luxury loft mircro quilt cover</li><li>Hypoallergenic and dust mite free</li><li>Mattress Depth: 21cm</li><li>Comfort: Firm</li></ul>,,,,,,,,,100,0,0,0,0,0,0,0,0,0,1,,0,0,0,0,0,1,0,1,0,0,0,1,"Silentnight Comfort Essentials Mattress, King Size",0,simple,,,,,,,,,,Microquilt,,,,,Silentnight,Firm,low,Miracoil,,,,,,,,King Size (5'),,,,,,,,,,,,,,,,,,,,,,,,,,,
admin,"base,base_mattress",Mattresses,simple,"167,177",25CEEC180MM0001,0,"Silentnight Comfort Essentials Mattress, Super King",,,/2/_/2_1_47.jpg,/2/_/2_1_47.jpg,/2/_/2_1_47.jpg,,No layout updates,Product Info Column,,,, ,Use config,Use config,No,No,Use config,,,,,,,Silentnight Essentials Mattress Easycare Mattress,SEMEM,No,,,,5.04E+12,Furniture > Beds & Accessories > Mattresses,silentnight-essentials-mattress-easycare-super-king,307.5,,,0,,,Silentnight,None,Enabled,No,Not Visible Individually,Taxable Goods,No,Firm,2 Weeks,Silentnight,,,Mattress,Essentials,Super King (6'),,,Please select...,Please select...,Please select...,Please select...,,"<a href=""http://www.silentnightgroup.co.uk/Download/Certificate/1235/Core%20Range/Essentials%20Easy%20Care/flammability_certificate_silentnight.pdf/?retailer=General%20Consumer"" target=""_blank""><img src=""{{media url=""/wysiwyg/home/navigation/fire-safety-logo.png""}}"" style=""width:150px;"" align=""right"" style=""padding: 15px 15px 15px 15px;""></a><h4><strong>Our new Essentials range</strong></h4><p>The new essentials range from Silentnight offers great quality products at affordable prices.</p><h4><strong>Miracoil® Spring system</strong></h4><p>The unique zoned Miracoil® spring system offers comfort and support for all shapes and sizes. Unlike an ordinary circular spring system, Miracoil's unique shape has twice as many springs offering improved pressure relief, edge to edge support for maximum sleep space and zoned support right where you need it most. Tried and tested Miracoil® Spring System also has enhanced durability providing superior comfort over many years.  Our Miracoil® spring system will also offer the following benefits:<ul><li>Edge to edge support providing more personal sleep space</li><li>No roll together ensuring less partner disturbance</li><li>Zoned support for perfect spinal alignment</li><li>Pressure relief for a comfortable night's sleep</li></ul><h4><strong>Pressure relief</strong></h4><p>Pressure can build up into painful hotspots, causing pins and needles or aches and pains. Miracoil® spring systems give pressure relief for a comfortable night's sleep.</p><strong>Quality Assurance</strong></h4><ul><li>Accredited onsite laboratory to bring the best products to you.</li><li>Every Silentnight mattress type is tested to ensure it exceeds all British standards.</li><li>We are full members of the Furniture Industry Sustainability Program.</li><p><h4><strong>Fibre Content</strong></h4><p>Sleep Surface - 64% Polyester / 36% Polypropylene<br>Underside - 60% Polypropylene / 40% Polyester<br>Side Border - 64% Polyester / 36% Polypropylene</p></ul>
",<ul><li>Miracoil zoned spring system</li><li>Luxury loft mircro quilt cover</li><li>Hypoallergenic and dust mite free</li><li>Mattress Depth: 21cm</li><li>Comfort: Firm</li></ul>,,,,,<ul><li>Miracoil zoned spring system</li><li>Luxury loft mircro quilt cover</li><li>Hypoallergenic and dust mite free</li><li>Mattress Depth: 21cm</li><li>Comfort: Firm</li></ul>,,,,,,,,,100,0,0,0,0,0,0,0,0,0,1,,0,0,0,0,0,1,0,1,0,0,0,1,"Silentnight Comfort Essentials Mattress, Super King",0,simple,,,,,,,,,,Microquilt,,,,,Silentnight,Firm,low,Miracoil,,,,,,,,Super King Size (6'),,,,,,,,,,,,,,,,,,,,,,,,,,,
admin,"base,base_mattress",Mattresses,simple,"164,177",25SPES090MM0001,0,"Silentnight Pocket Essentials Mattress, Double Sided, Single",,,/c/o/core_a_essentials_1000_pocket_matt_corner_co_7.jpg,/c/o/core_a_essentials_1000_pocket_matt_corner_co_7.jpg,/c/o/core_a_essentials_1000_pocket_matt_corner_co_7.jpg,,No layout updates,Product Info Column,,,, ,Use config,Use config,No,No,Use config,,,,,,,Silentnight Essentials 1000 Mattress,SE10M,No,,,,5.04E+12,Furniture > Beds & Accessories > Mattresses,silentnight-essentials-1000-mattress-single,207.5,,,0,,,Silentnight,None,Enabled,No,Not Visible Individually,Taxable Goods,No,Medium/Firm,2 Weeks,Silentnight,,,Mattress,Essentials,Single (3'),,,Please select...,Please select...,Please select...,Please select...,,"<a href=""http://www.silentnightgroup.co.uk/Download/Certificate/1235/Essentials%20Collection/Comfort%20Essentials/flammability_certificate_silentnight.pdf/?retailer=General%20Consumer"" target=""_blank""><img src=""{{media url=""/wysiwyg/home/navigation/fire-safety-logo.png""}}"" style=""width:150px;"" align=""right"" style=""padding: 15px 15px 15px 15px;""></a><h4><strong>Our new Essentials range</strong></h4><p>The new essentials range from Silentnight offers great quality products at affordable prices.</p><h4><strong>Mirapocket® Spring system</strong></h4><p>Our Mirapocket® spring system will offers the following great benefits:<ul><li>Offers various spring  to meet your individual comfort needs, allowing you to find your perfect comfort solution for a great night's sleep.</li><li>Individual responsive spring system providing zoned support.</li><li>Pressure relief for a comfortable night's sleep.</li><li>Edge to edge support providing more presonal sleep space.</li></ul><h4><strong>Hypoallergenic</strong></h4><p>This mattress is hypoallergenic and dust mite resistant for a healthier sleep.</p><h4><strong>Quality Assurance</strong></h4><ul><li>Accredited onsite laboratory to bring the best products to you.</li><li>Every Silentnight mattress type is tested to ensure it exceeds all British standards.</li><li>We are full members of the Furniture Industry Sustainability Program.</li><br><h4><strong>Fibre Content</strong></h4><p>Sleep Surface - 100% Polyester<br>Underside - 60% Polypropylene / 40% Polyester<br>Side Border - 64% Polyester / 36% Polypropylene</br><br><b>Listed spring counts are based on a king size mattress (measuring 5ft x 6ft 6in /150cm x 200cm). The amount of springs will alter on a pro-rata basis dependent on mattress size.</b></ul>

",<ul><li>1000 Mirapocket spring system</li><li>Soft knit cover for extra comfort</li><li>Hypoallergenic and dust mite free</li><li>Mattress Depth: 24cm</li><li>Comfort: Medium/Firm</li></ul>,,,,,<ul><li>1000 Mirapocket spring system</li><li>Soft knit cover for extra comfort</li><li>Hypoallergenic and dust mite free</li><li>Mattress Depth: 24cm</li><li>Comfort: Medium/Firm</li></ul>,,,,,,,,,100,0,0,0,0,0,0,0,0,0,1,,0,0,0,0,0,1,0,1,0,0,0,1,"Silentnight Pocket Essentials Mattress, Double Sided, Single",0,simple,,,,,,,,,,,,,,,Silentnight,Medium/Firm,low,Mirapocket,,,,,,,,Single (3'),,,,,,,,,,,,,,,,,,,,,,,,,,,
admin,"base,base_mattress",Mattresses,simple,"177,179,185",25SPES120MM0001,0,"Silentnight Comfort Pocket Essentials Mattress, Small Double",,,/c/o/core_a_essentials_1000_pocket_matt_corner_co_8.jpg,/c/o/core_a_essentials_1000_pocket_matt_corner_co_8.jpg,/c/o/core_a_essentials_1000_pocket_matt_corner_co_8.jpg,,No layout updates,Product Info Column,,,, ,Use config,Use config,No,No,Use config,,,,,,,Silentnight Essentials 1000 Mattress,SE10M,No,,,,5.04E+12,Furniture > Beds & Accessories > Mattresses,silentnight-essentials-1000-mattress-small-double,274.17,,,0,,,Silentnight,None,Enabled,No,Not Visible Individually,Taxable Goods,No,Medium/Firm,2 Weeks,Silentnight,,,Mattress,Essentials,Small Double (4'),,,Please select...,Please select...,Please select...,Please select...,,"<a href=""http://www.silentnightgroup.co.uk/Download/Certificate/1235/Essentials%20Collection/Comfort%20Essentials/flammability_certificate_silentnight.pdf/?retailer=General%20Consumer"" target=""_blank""><img src=""{{media url=""/wysiwyg/home/navigation/fire-safety-logo.png""}}"" style=""width:150px;"" align=""right"" style=""padding: 15px 15px 15px 15px;""></a><h4><strong>Our new Essentials range</strong></h4><p>The new essentials range from Silentnight offers great quality products at affordable prices.</p><h4><strong>Mirapocket® Spring system</strong></h4><p>Our Mirapocket® spring system will offers the following great benefits:<ul><li>Offers various spring  to meet your individual comfort needs, allowing you to find your perfect comfort solution for a great night's sleep.</li><li>Individual responsive spring system providing zoned support.</li><li>Pressure relief for a comfortable night's sleep.</li><li>Edge to edge support providing more presonal sleep space.</li></ul><h4><strong>Hypoallergenic</strong></h4><p>This mattress is hypoallergenic and dust mite resistant for a healthier sleep.</p><h4><strong>Quality Assurance</strong></h4><ul><li>Accredited onsite laboratory to bring the best products to you.</li><li>Every Silentnight mattress type is tested to ensure it exceeds all British standards.</li><li>We are full members of the Furniture Industry Sustainability Program.</li><br><h4><strong>Fibre Content</strong></h4><p>Sleep Surface - 100% Polyester<br>Underside - 60% Polypropylene / 40% Polyester<br>Side Border - 64% Polyester / 36% Polypropylene</br><br><b>Listed spring counts are based on a king size mattress (measuring 5ft x 6ft 6in /150cm x 200cm). The amount of springs will alter on a pro-rata basis dependent on mattress size.</b></ul>

","
<ul><li>1000 Mirapocket spring system</li><li>Soft knit cover for extra comfort</li><li>Hypoallergenic and dust mite free</li><li>Mattress Depth: 24cm</li><li>Comfort: Medium/Firm</li></ul>",,,,,<ul><li>1000 Mirapocket spring system</li><li>Soft knit cover for extra comfort</li><li>Hypoallergenic and dust mite free</li><li>Mattress Depth: 24cm</li><li>Comfort: Medium/Firm</li></ul>,,,,,,,,,100,0,0,0,0,0,0,0,0,0,1,,0,0,0,0,0,1,0,1,0,0,0,1,"Silentnight Comfort Pocket Essentials Mattress, Small Double",0,simple,,,,,,,,,,,,,,,Silentnight,Medium/Firm,low,Mirapocket,,,,,,,,Small Double (4'),,,,,,,,,,,,,,,,,,,,,,,,,,,
admin,"base,base_mattress",Mattresses,simple,"165,177",25SPES135MM0001,0,"Silentnight Comfort Pocket Essentials Mattress, Double",,,/c/o/core_a_essentials_1000_pocket_matt_corner_co_9.jpg,/c/o/core_a_essentials_1000_pocket_matt_corner_co_9.jpg,/c/o/core_a_essentials_1000_pocket_matt_corner_co_9.jpg,,No layout updates,Product Info Column,,,, ,Use config,Use config,No,No,Use config,,,,,,,Silentnight Essentials 1000 Mattress,SE10M,No,,,,5.04E+12,Furniture > Beds & Accessories > Mattresses,silentnight-essentials-1000-mattress-double,274.17,,,0,,,Silentnight,None,Enabled,No,Not Visible Individually,Taxable Goods,No,Medium/Firm,2 Weeks,Silentnight,,,Mattress,Essentials,"Double (4'6"")",Pocket,,Please select...,Please select...,Please select...,Please select...,,"<a href=""http://www.silentnightgroup.co.uk/Download/Certificate/1235/Essentials%20Collection/Comfort%20Essentials/flammability_certificate_silentnight.pdf/?retailer=General%20Consumer"" target=""_blank""><img src=""{{media url=""/wysiwyg/home/navigation/fire-safety-logo.png""}}"" style=""width:150px;"" align=""right"" style=""padding: 15px 15px 15px 15px;""></a><h4><strong>Our new Essentials range</strong></h4><p>The new essentials range from Silentnight offers great quality products at affordable prices.</p><h4><strong>Mirapocket® Spring system</strong></h4><p>Our Mirapocket® spring system will offers the following great benefits:<ul><li>Offers various spring  to meet your individual comfort needs, allowing you to find your perfect comfort solution for a great night's sleep.</li><li>Individual responsive spring system providing zoned support.</li><li>Pressure relief for a comfortable night's sleep.</li><li>Edge to edge support providing more presonal sleep space.</li></ul><h4><strong>Hypoallergenic</strong></h4><p>This mattress is hypoallergenic and dust mite resistant for a healthier sleep.</p><h4><strong>Quality Assurance</strong></h4><ul><li>Accredited onsite laboratory to bring the best products to you.</li><li>Every Silentnight mattress type is tested to ensure it exceeds all British standards.</li><li>We are full members of the Furniture Industry Sustainability Program.</li><br><h4><strong>Fibre Content</strong></h4><p>Sleep Surface - 100% Polyester<br>Underside - 60% Polypropylene / 40% Polyester<br>Side Border - 64% Polyester / 36% Polypropylene</br><br><b>Listed spring counts are based on a king size mattress (measuring 5ft x 6ft 6in /150cm x 200cm). The amount of springs will alter on a pro-rata basis dependent on mattress size.</b></ul>

","
<ul><li>1000 Mirapocket spring system</li><li>Soft knit cover for extra comfort</li><li>Hypoallergenic and dust mite free</li><li>Mattress Depth: 24cm</li><li>Comfort: Medium/Firm</li></ul>",,,,,<ul><li>1000 Mirapocket spring system</li><li>Soft knit cover for extra comfort</li><li>Hypoallergenic and dust mite free</li><li>Mattress Depth: 24cm</li><li>Comfort: Medium/Firm</li></ul>,,,,,,,,,100,0,0,0,0,0,0,0,0,0,1,,0,0,0,0,0,1,0,1,0,0,0,1,"Silentnight Comfort Pocket Essentials Mattress, Double",0,simple,,,,,,,,,,,,,,,Silentnight,Medium/Firm,low,Mirapocket,,,,,,,,"Double (4'6"")",,,,,,,,,,,,,,,,,,,,,,,,,,,
admin,"base,base_mattress",Mattresses,simple,"166,177",25SPES150MM0001,0,"Silentnight Comfort Pocket Essentials Mattress, King Size",,,/c/o/core_a_essentials_1000_pocket_matt_corner_co_10.jpg,/c/o/core_a_essentials_1000_pocket_matt_corner_co_10.jpg,/c/o/core_a_essentials_1000_pocket_matt_corner_co_10.jpg,,No layout updates,Product Info Column,,,, ,Use config,Use config,No,No,Use config,,,,,,,Silentnight Essentials 1000 Mattress,SE10M,No,,,,5.04E+12,Furniture > Beds & Accessories > Mattresses,silentnight-essentials-1000-mattress-king,324.17,,,0,,,Silentnight,None,Enabled,No,Not Visible Individually,Taxable Goods,No,Medium/Firm,2 Weeks,Silentnight,,,Mattress,Essentials,King (5'),,,Please select...,Please select...,Please select...,Please select...,,"<a href=""http://www.silentnightgroup.co.uk/Download/Certificate/1235/Essentials%20Collection/Comfort%20Essentials/flammability_certificate_silentnight.pdf/?retailer=General%20Consumer"" target=""_blank""><img src=""{{media url=""/wysiwyg/home/navigation/fire-safety-logo.png""}}"" style=""width:150px;"" align=""right"" style=""padding: 15px 15px 15px 15px;""></a><h4><strong>Our new Essentials range</strong></h4><p>The new essentials range from Silentnight offers great quality products at affordable prices.</p><h4><strong>Mirapocket® Spring system</strong></h4><p>Our Mirapocket® spring system will offers the following great benefits:<ul><li>Offers various spring  to meet your individual comfort needs, allowing you to find your perfect comfort solution for a great night's sleep.</li><li>Individual responsive spring system providing zoned support.</li><li>Pressure relief for a comfortable night's sleep.</li><li>Edge to edge support providing more presonal sleep space.</li></ul><h4><strong>Hypoallergenic</strong></h4><p>This mattress is hypoallergenic and dust mite resistant for a healthier sleep.</p><h4><strong>Quality Assurance</strong></h4><ul><li>Accredited onsite laboratory to bring the best products to you.</li><li>Every Silentnight mattress type is tested to ensure it exceeds all British standards.</li><li>We are full members of the Furniture Industry Sustainability Program.</li><br><h4><strong>Fibre Content</strong></h4><p>Sleep Surface - 100% Polyester<br>Underside - 60% Polypropylene / 40% Polyester<br>Side Border - 64% Polyester / 36% Polypropylene</br><br><b>Listed spring counts are based on a king size mattress (measuring 5ft x 6ft 6in /150cm x 200cm). The amount of springs will alter on a pro-rata basis dependent on mattress size.</b></ul>

","
<ul><li>1000 Mirapocket spring system</li><li>Soft knit cover for extra comfort</li><li>Hypoallergenic and dust mite free</li><li>Mattress Depth: 24cm</li><li>Comfort: Medium/Firm</li></ul>",,,,,<ul><li>1000 Mirapocket spring system</li><li>Soft knit cover for extra comfort</li><li>Hypoallergenic and dust mite free</li><li>Mattress Depth: 24cm</li><li>Comfort: Medium/Firm</li></ul>,,,,,,,,,100,0,0,0,0,0,0,0,0,0,1,,0,0,0,0,0,1,0,1,0,0,0,1,"Silentnight Comfort Pocket Essentials Mattress, King Size",0,simple,,,,,,,,,,,,,,,Silentnight,Medium/Firm,low,Mirapocket,,,,,,,,King Size (5'),,,,,,,,,,,,,,,,,,,,,,,,,,,
admin,"base,base_mattress",Mattresses,simple,"167,177",25SPES180MM0001,0,"Silentnight Comfort Pocket Essentials Mattress, Super King",,,/c/o/core_a_essentials_1000_pocket_matt_corner_co_11.jpg,/c/o/core_a_essentials_1000_pocket_matt_corner_co_11.jpg,/c/o/core_a_essentials_1000_pocket_matt_corner_co_11.jpg,,No layout updates,Product Info Column,,,, ,Use config,Use config,No,No,Use config,,,,,,,Silentnight Essentials 1000 Mattress,SE10M,No,,,,5.04E+12,Furniture > Beds & Accessories > Mattresses,silentnight-essentials-1000-mattress-super-king,390.83,,,0,,,Silentnight,None,Enabled,No,Not Visible Individually,Taxable Goods,No,Medium/Firm,2 Weeks,Silentnight,,,Mattress,Essentials,Super King (6'),,,Please select...,Please select...,Please select...,Please select...,,"<a href=""http://www.silentnightgroup.co.uk/Download/Certificate/1235/Essentials%20Collection/Comfort%20Essentials/flammability_certificate_silentnight.pdf/?retailer=General%20Consumer"" target=""_blank""><img src=""{{media url=""/wysiwyg/home/navigation/fire-safety-logo.png""}}"" style=""width:150px;"" align=""right"" style=""padding: 15px 15px 15px 15px;""></a><h4><strong>Our new Essentials range</strong></h4><p>The new essentials range from Silentnight offers great quality products at affordable prices.</p><h4><strong>Mirapocket® Spring system</strong></h4><p>Our Mirapocket® spring system will offers the following great benefits:<ul><li>Offers various spring  to meet your individual comfort needs, allowing you to find your perfect comfort solution for a great night's sleep.</li><li>Individual responsive spring system providing zoned support.</li><li>Pressure relief for a comfortable night's sleep.</li><li>Edge to edge support providing more presonal sleep space.</li></ul><h4><strong>Hypoallergenic</strong></h4><p>This mattress is hypoallergenic and dust mite resistant for a healthier sleep.</p><h4><strong>Quality Assurance</strong></h4><ul><li>Accredited onsite laboratory to bring the best products to you.</li><li>Every Silentnight mattress type is tested to ensure it exceeds all British standards.</li><li>We are full members of the Furniture Industry Sustainability Program.</li><br><h4><strong>Fibre Content</strong></h4><p>Sleep Surface - 100% Polyester<br>Underside - 60% Polypropylene / 40% Polyester<br>Side Border - 64% Polyester / 36% Polypropylene</br><br><b>Listed spring counts are based on a king size mattress (measuring 5ft x 6ft 6in /150cm x 200cm). The amount of springs will alter on a pro-rata basis dependent on mattress size.</b></ul>

",<ul><li>1000 Mirapocket spring system</li><li>Soft knit cover for extra comfort</li><li>Hypoallergenic and dust mite free</li><li>Mattress Depth: 24cm</li><li>Comfort: Medium/Firm</li></ul>,,,,,<ul><li>1000 Mirapocket spring system</li><li>Soft knit cover for extra comfort</li><li>Hypoallergenic and dust mite free</li><li>Mattress Depth: 24cm</li><li>Comfort: Medium/Firm</li></ul>,,,,,,,,,100,0,0,0,0,0,0,0,0,0,1,,0,0,0,0,0,1,0,1,0,0,0,1,"Silentnight Comfort Pocket Essentials Mattress, Super King",0,simple,,,,,,,,,,,,,,,Silentnight,Medium/Firm,low,Mirapocket,,,,,,,,Super King Size (6'),,,,,,,,,,,,,,,,,,,,,,,,,,,
admin,base,Divans,simple,,25CMTF090ST0011,1,"Silentnight Comfort Miracoil Ortho Divan, Platform Top, No Storage in Sandstone, Single",,,/c/o/core_a_amsterdam_tufted_4draw_co_1_1.jpg,/c/o/core_a_amsterdam_tufted_2draw_cropt_1.jpg,/c/o/core_a_amsterdam_tufted_2draw_cropt_1.jpg,,,Product Info Column,,,,,,,,,Use config,Tufted,,,Trade-in,,,Silentnight Comfort Ortho Divan ,SCOD,,,,,5.04E+12,Furniture > Beds & Accessories > Beds,090cm-comfort-ortho-sandstone-tuf-pt-n-s,340.8333,272.6666,,,,,Silentnight,Sandstone,Enabled,,Not Visible Individually,Taxable Goods,,Firm,2 Weeks,Silentnight,,,Divan Beds,Comfort,Single (3'),,,,,,,,<p>,<p>,,,,,,,,24/12/2016 00:00,27/01/2017 00:00,,,,,100,0,0,0,0,0,0,0,0,0,1,,0,0,0,0,0,1,0,1,0,0,0,1,"Silentnight Comfort Miracoil Ortho Divan, Platform Top, No Storage in Sandstone, Single",0,simple,,,,,,,,,,,,,,,,,,,,Platform base,No Storage,,,,,,,,,,,,,,,,,,,,,,,,,,,,,,,,
admin,base,Divans,simple,,25CMTF090ST0012,1,"Silentnight Comfort Miracoil Ortho Divan, Platform Top, 2 Drawers in Sandstone, Single",,,/c/o/core_a_amsterdam_tufted_4draw_co_1_2.jpg,/c/o/core_a_amsterdam_tufted_2draw_cropt_2.jpg,/c/o/core_a_amsterdam_tufted_2draw_cropt_2.jpg,,,Product Info Column,,,,,,,,,Use config,Tufted,,,Trade-in,,,Silentnight Comfort Ortho Divan ,SCOD,,,,,5.04E+12,Furniture > Beds & Accessories > Beds,090cm-comfort-ortho-sandstone-tuf-pt-2-dr,382.5,272.6666,,,,,Silentnight,Sandstone,Enabled,,Not Visible Individually,Taxable Goods,,Firm,2 Weeks,Silentnight,,,Divan Beds,Comfort,Single (3'),,,,,,,,<p>,<p>,,,,,,,,24/12/2016 00:00,27/01/2017 00:00,,,,,100,0,0,0,0,0,0,0,0,0,1,,0,0,0,0,0,1,0,1,0,0,0,1,"Silentnight Comfort Miracoil Ortho Divan, Platform Top, 2 Drawers in Sandstone, Single",0,simple,,,,,,,,,,,,,,,,,,,,Platform base,2 Drawers,,,,,,,,,,,,,,,,,,,,,,,,,,,,,,,,
admin,base,Divans,simple,,25CMTF120ST0011,1,"Silentnight Comfort Miracoil Ortho Divan, Platform Top, No Storage in Sandstone, Small Double ",,,/c/o/core_a_amsterdam_tufted_4draw_co_1_3.jpg,/c/o/core_a_amsterdam_tufted_2draw_cropt_3.jpg,/c/o/core_a_amsterdam_tufted_2draw_cropt_3.jpg,,No layout updates,Product Info Column,,,, ,Use config,Use config,No,No,Use config,Tufted,,,Trade-in,,,Silentnight Comfort Ortho Divan ,SCOD,No,,,,5.04E+12,Furniture > Beds & Accessories > Beds,120cm-comfort-ortho-sandstone-tuf-pt-n-s,499.1667,399.3334,,0,,,Silentnight,Sandstone,Enabled,No,Not Visible Individually,Taxable Goods,No,Firm,2 Weeks,Silentnight,,,Divan Beds,Comfort,Small Double (4'),Miracoil,,Please select...,Please select...,Please select...,,,<p>,<p>,,,,,,,,24/12/2016 00:00,27/01/2017 00:00,,,,,100,0,0,0,0,0,0,0,0,0,1,,0,0,0,0,0,1,0,1,0,0,0,1,"Silentnight Comfort Miracoil Ortho Divan, Platform Top, No Storage in Sandstone, Small Double ",0,simple,,,,,,,,,,,,,,,,,,,,Platform base,No Storage,,,,,,,,,,,,,,,,,,,,,,,,,,,,,,,,
admin,base,Divans,simple,,25CMTF120ST0012,1,"Silentnight Comfort Miracoil Ortho Divan, Platform Top, 2 Drawers in Sandstone, Small Double ",,,/c/o/core_a_amsterdam_tufted_4draw_co_1_4.jpg,/c/o/core_a_amsterdam_tufted_2draw_cropt_4.jpg,/c/o/core_a_amsterdam_tufted_2draw_cropt_4.jpg,,,Product Info Column,,,,,,,,,Use config,Tufted,,,Trade-in,,,Silentnight Comfort Ortho Divan ,SCOD,,,,,5.04E+12,Furniture > Beds & Accessories > Beds,120cm-comfort-ortho-sandstone-tuf-pt-2-dr,532.5,399.3334,,,,,Silentnight,Sandstone,Enabled,,Not Visible Individually,Taxable Goods,,Firm,2 Weeks,Silentnight,,,Divan Beds,Comfort,Small Double (4'),,,,,,,,<p>,<p>,,,,,,,,24/12/2016 00:00,27/01/2017 00:00,,,,,100,0,0,0,0,0,0,0,0,0,0,,0,0,0,0,0,1,0,1,0,0,0,1,"Silentnight Comfort Miracoil Ortho Divan, Platform Top, 2 Drawers in Sandstone, Small Double ",0,simple,,,,,,,,,,,,,,,,,,,,Platform base,2 Drawers,,,,,,,,,,,,,,,,,,,,,,,,,,,,,,,,
admin,base,Divans,simple,,25CMTF120ST0014,1,"Silentnight Comfort Miracoil Ortho Divan, Platform Top, 4 Drawers in Sandstone, Small Double ",,,/c/o/core_a_amsterdam_tufted_4draw_co_1_5.jpg,/c/o/core_a_amsterdam_tufted_2draw_cropt_5.jpg,/c/o/core_a_amsterdam_tufted_2draw_cropt_5.jpg,,,Product Info Column,,,,,,,,,Use config,Tufted,,,Trade-in,,,Silentnight Comfort Ortho Divan ,SCOD,,,,,5.04E+12,Furniture > Beds & Accessories > Beds,120cm-comfort-ortho-sandstone-tuf-pt-4-dr,574.1667,399.3334,,,,,Silentnight,Sandstone,Enabled,,Not Visible Individually,Taxable Goods,,Firm,2 Weeks,Silentnight,,,Divan Beds,Comfort,Small Double (4'),,,,,,,,<p>,<p>,,,,,,,,24/12/2016 00:00,27/01/2017 00:00,,,,,100,0,0,0,0,0,0,0,0,0,0,,0,0,0,0,0,1,0,1,0,0,0,1,"Silentnight Comfort Miracoil Ortho Divan, Platform Top, 4 Drawers in Sandstone, Small Double ",0,simple,,,,,,,,,,,,,,,,,,,,Platform base,4 Drawers,,,,,,,,,,,,,,,,,,,,,,,,,,,,,,,,
admin,base,Divans,simple,,25CMTF120ST0015,1,"Silentnight Comfort Miracoil Ortho  Divan, Platform Top, No Storage + Ottoman in Sandstone, Small Double",,,/c/o/core_a_amsterdam_tufted_4draw_co_1_6.jpg,/c/o/core_a_amsterdam_tufted_2draw_cropt_6.jpg,/c/o/core_a_amsterdam_tufted_2draw_cropt_6.jpg,,,Product Info Column,,,,,,,,,Use config,Tufted,,,Trade-in,,,Silentnight Comfort Ortho Divan ,SCOD,,,,,5.04E+12,Furniture > Beds & Accessories > Beds,120cm-comfort-ortho-sandstone-tuf-n-s-otto,607.5,399.3334,,,,,Silentnight,Sandstone,Enabled,,Not Visible Individually,Taxable Goods,,Firm,2 Weeks,Silentnight,,,Divan Beds,Comfort,Small Double (4'),,,,,,,,<p>,<p>,,,,,,,,24/12/2016 00:00,27/01/2017 00:00,,,,,100,0,0,0,0,0,0,0,0,0,1,,0,0,0,0,0,1,0,1,0,0,0,1,"Silentnight Comfort Miracoil Ortho  Divan, Platform Top, No Storage + Ottoman in Sandstone, Small Double",0,simple,,,,,,,,,,,,,,,,,,,,Platform base,No Storage + Ottoman,,,,,,,,,,,,,,,,,,,,,,,,,,,,,,,,
admin,base,Divans,simple,,25CMTF120ST0016,1,"Silentnight Comfort Miracoil Ortho  Divan, Platform Top, 2 Drawer + Ottoman in Sandstone, Small Double",,,/c/o/core_a_amsterdam_tufted_4draw_co_1_7.jpg,/c/o/core_a_amsterdam_tufted_2draw_cropt_7.jpg,/c/o/core_a_amsterdam_tufted_2draw_cropt_7.jpg,,,Product Info Column,,,,,,,,,Use config,Tufted,,,Trade-in,,,Silentnight Comfort Ortho Divan ,SCOD,,,,,5.04E+12,Furniture > Beds & Accessories > Beds,120cm-comfort-ortho-sandstone-tuf-2-dr-otto,649.1667,399.3334,,,,,Silentnight,Sandstone,Enabled,,Not Visible Individually,Taxable Goods,,Firm,2 Weeks,Silentnight,,,Divan Beds,Comfort,Small Double (4'),,,,,,,,<p>,<p>,,,,,,,,24/12/2016 00:00,27/01/2017 00:00,,,,,100,0,0,0,0,0,0,0,0,0,1,,0,0,0,0,0,1,0,1,0,0,0,1,"Silentnight Comfort Miracoil Ortho  Divan, Platform Top, 2 Drawer + Ottoman in Sandstone, Small Double",0,simple,,,,,,,,,,,,,,,,,,,,Platform base,2 Drawer + Ottoman,,,,,,,,,,,,,,,,,,,,,,,,,,,,,,,,
admin,base,Divans,simple,,25CMTF135ST0011,1,"Silentnight Comfort Miracoil Ortho Divan, Platform Top, No Storage in Sandstone, Double ",,,/c/o/core_a_amsterdam_tufted_4draw_co_1_8.jpg,/c/o/core_a_amsterdam_tufted_2draw_cropt_8.jpg,/c/o/core_a_amsterdam_tufted_2draw_cropt_8.jpg,,,Product Info Column,,,,,,,,,Use config,Tufted,,,Trade-in,,,Silentnight Comfort Ortho Divan ,SCOD,,,,,5.04E+12,Furniture > Beds & Accessories > Beds,135cm-comfort-ortho-sandstone-tuf-pt-n-s,499.1667,399.3334,,,,,Silentnight,Sandstone,Enabled,,Not Visible Individually,Taxable Goods,,Firm,2 Weeks,Silentnight,,,Divan Beds,Comfort,"Double (4'6"")",,,,,,,,<p>,<p>,,,,,,,,24/12/2016 00:00,27/01/2017 00:00,,,,,100,0,0,0,0,0,0,0,0,0,1,,0,0,0,0,0,1,0,1,0,0,0,1,"Silentnight Comfort Miracoil Ortho Divan, Platform Top, No Storage in Sandstone, Double ",0,simple,,,,,,,,,,,,,,,,,,,,Platform base,No Storage,,,,,,,,,,,,,,,,,,,,,,,,,,,,,,,,
admin,base,Divans,simple,,25CMTF135ST0012,1,"Silentnight Comfort Miracoil Ortho Divan, Platform Top, 2 Drawers in Sandstone, Double ",,,/c/o/core_a_amsterdam_tufted_4draw_co_1_9.jpg,/c/o/core_a_amsterdam_tufted_2draw_cropt_9.jpg,/c/o/core_a_amsterdam_tufted_2draw_cropt_9.jpg,,,Product Info Column,,,,,,,,,Use config,Tufted,,,Trade-in,,,Silentnight Comfort Ortho Divan ,SCOD,,,,,5.04E+12,Furniture > Beds & Accessories > Beds,135cm-comfort-ortho-sandstone-tuf-pt-2-dr,532.5,399.3334,,,,,Silentnight,Sandstone,Enabled,,Not Visible Individually,Taxable Goods,,Firm,2 Weeks,Silentnight,,,Divan Beds,Comfort,"Double (4'6"")",,,,,,,,<p>,<p>,,,,,,,,24/12/2016 00:00,27/01/2017 00:00,,,,,100,0,0,0,0,0,0,0,0,0,1,,0,0,0,0,0,1,0,1,0,0,0,1,"Silentnight Comfort Miracoil Ortho Divan, Platform Top, 2 Drawers in Sandstone, Double ",0,simple,,,,,,,,,,,,,,,,,,,,Platform base,2 Drawers,,,,,,,,,,,,,,,,,,,,,,,,,,,,,,,,
admin,base,Divans,simple,,25CMTF135ST0013,1,"Silentnight Comfort Miracoil Ortho Divan, Platform Top, 2 + 2 Continental in Sandstone, Double",,,/c/o/core_a_amsterdam_tufted_4draw_co_1_10.jpg,/c/o/core_a_amsterdam_tufted_2draw_cropt_10.jpg,/c/o/core_a_amsterdam_tufted_2draw_cropt_10.jpg,,,Product Info Column,,,,,,,,,Use config,Tufted,,,Trade-in,,,Silentnight Comfort Ortho Divan ,SCOD,,,,,5.04E+12,Furniture > Beds & Accessories > Beds,135cm-comfort-ortho-sandstone-tuf-pt-2-2-dr,574.1667,399.3334,,,,,Silentnight,Sandstone,Enabled,,Not Visible Individually,Taxable Goods,,Firm,2 Weeks,Silentnight,,,Divan Beds,Comfort,"Double (4'6"")",,,,,,,,<p>,<p>,,,,,,,,24/12/2016 00:00,27/01/2017 00:00,,,,,100,0,0,0,0,0,0,0,0,0,0,,0,0,0,0,0,1,0,1,0,0,0,1,"Silentnight Comfort Miracoil Ortho Divan, Platform Top, 2 + 2 Continental in Sandstone, Double",0,simple,,,,,,,,,,,,,,,,,,,,Platform base,2 + 2 Continental,,,,,,,,,,,,,,,,,,,,,,,,,,,,,,,,
admin,base,Divans,simple,,25CMTF135ST0014,1,"Silentnight Comfort Miracoil Ortho Divan, Platform Top, 4 Drawers in Sandstone, Double ",,,/c/o/core_a_amsterdam_tufted_4draw_co_1_11.jpg,/c/o/core_a_amsterdam_tufted_2draw_cropt_11.jpg,/c/o/core_a_amsterdam_tufted_2draw_cropt_11.jpg,,,Product Info Column,,,,,,,,,Use config,Tufted,,,Trade-in,,,Silentnight Comfort Ortho Divan ,SCOD,,,,,5.04E+12,Furniture > Beds & Accessories > Beds,135cm-comfort-ortho-sandstone-tuf-pt-4-dr,574.1667,399.3334,,,,,Silentnight,Sandstone,Enabled,,Not Visible Individually,Taxable Goods,,Firm,2 Weeks,Silentnight,,,Divan Beds,Comfort,"Double (4'6"")",,,,,,,,<p>,<p>,,,,,,,,24/12/2016 00:00,27/01/2017 00:00,,,,,100,0,0,0,0,0,0,0,0,0,1,,0,0,0,0,0,1,0,1,0,0,0,1,"Silentnight Comfort Miracoil Ortho Divan, Platform Top, 4 Drawers in Sandstone, Double ",0,simple,,,,,,,,,,,,,,,,,,,,Platform base,4 Drawers,,,,,,,,,,,,,,,,,,,,,,,,,,,,,,,,
admin,base,Divans,simple,,25CMTF135ST0015,1,"Silentnight Comfort Miracoil Ortho  Divan, Platform Top, No Storage + Ottoman in Sandstone, Double",,,/c/o/core_a_amsterdam_tufted_4draw_co_1_12.jpg,/c/o/core_a_amsterdam_tufted_2draw_cropt_12.jpg,/c/o/core_a_amsterdam_tufted_2draw_cropt_12.jpg,,,Product Info Column,,,,,,,,,Use config,Tufted,,,Trade-in,,,Silentnight Comfort Ortho Divan ,SCOD,,,,,5.04E+12,Furniture > Beds & Accessories > Beds,135cm-comfort-ortho-sandstone-tuf-n-s-otto,607.5,399.3334,,,,,Silentnight,Sandstone,Enabled,,Not Visible Individually,Taxable Goods,,Firm,2 Weeks,Silentnight,,,Divan Beds,Comfort,"Double (4'6"")",,,,,,,,<p>,<p>,,,,,,,,24/12/2016 00:00,27/01/2017 00:00,,,,,100,0,0,0,0,0,0,0,0,0,1,,0,0,0,0,0,1,0,1,0,0,0,1,"Silentnight Comfort Miracoil Ortho  Divan, Platform Top, No Storage + Ottoman in Sandstone, Double",0,simple,,,,,,,,,,,,,,,,,,,,Platform base,No Storage + Ottoman,,,,,,,,,,,,,,,,,,,,,,,,,,,,,,,,
admin,base,Divans,simple,,25CMTF135ST0016,1,"Silentnight Comfort Miracoil Ortho  Divan, Platform Top, 2 Drawer + Ottoman in Sandstone, Double",,,/c/o/core_a_amsterdam_tufted_4draw_co_1_13.jpg,/c/o/core_a_amsterdam_tufted_2draw_cropt_13.jpg,/c/o/core_a_amsterdam_tufted_2draw_cropt_13.jpg,,,Product Info Column,,,,,,,,,Use config,Tufted,,,Trade-in,,,Silentnight Comfort Ortho Divan ,SCOD,,,,,5.04E+12,Furniture > Beds & Accessories > Beds,135cm-comfort-ortho-sandstone-tuf-2-dr-otto,649.1667,399.3334,,,,,Silentnight,Sandstone,Enabled,,Not Visible Individually,Taxable Goods,,Firm,2 Weeks,Silentnight,,,Divan Beds,Comfort,"Double (4'6"")",,,,,,,,<p>,<p>,,,,,,,,24/12/2016 00:00,27/01/2017 00:00,,,,,100,0,0,0,0,0,0,0,0,0,1,,0,0,0,0,0,1,0,1,0,0,0,1,"Silentnight Comfort Miracoil Ortho  Divan, Platform Top, 2 Drawer + Ottoman in Sandstone, Double",0,simple,,,,,,,,,,,,,,,,,,,,Platform base,2 Drawer + Ottoman,,,,,,,,,,,,,,,,,,,,,,,,,,,,,,,,
admin,base,Divans,simple,,25CMTF135ST0017,1,"Silentnight Comfort Miracoil Ortho  Divan, Platform Top, Mini Drawer + Ottoman in Sandstone, Double",,,/c/o/core_a_amsterdam_tufted_4draw_co_1_14.jpg,/c/o/core_a_amsterdam_tufted_2draw_cropt_14.jpg,/c/o/core_a_amsterdam_tufted_2draw_cropt_14.jpg,,,Product Info Column,,,,,,,,,Use config,Tufted,,,Trade-in,,,Silentnight Comfort Ortho Divan ,SCOD,,,,,5.04E+12,Furniture > Beds & Accessories > Beds,135cm-comfort-ortho-sandstone-tuf-conti-otto,649.1667,399.3334,,,,,Silentnight,Sandstone,Enabled,,Not Visible Individually,Taxable Goods,,Firm,2 Weeks,Silentnight,,,Divan Beds,Comfort,"Double (4'6"")",,,,,,,,<p>,<p>,,,,,,,,24/12/2016 00:00,27/01/2017 00:00,,,,,100,0,0,0,0,0,0,0,0,0,0,,0,0,0,0,0,1,0,1,0,0,0,1,"Silentnight Comfort Miracoil Ortho  Divan, Platform Top, Mini Drawer + Ottoman in Sandstone, Double",0,simple,,,,,,,,,,,,,,,,,,,,Platform base,Mini Drawer + Ottoman,,,,,,,,,,,,,,,,,,,,,,,,,,,,,,,,
admin,base,Divans,simple,,25CMTF150ST0011,1,"Silentnight Comfort Miracoil Ortho Divan, Platform Top, No Storage in Sandstone, King Size",,,/c/o/core_a_amsterdam_tufted_4draw_co_1_15.jpg,/c/o/core_a_amsterdam_tufted_2draw_cropt_15.jpg,/c/o/core_a_amsterdam_tufted_2draw_cropt_15.jpg,,No layout updates,Product Info Column,,,, ,Use config,Use config,No,No,Use config,Tufted,,,Trade-in,,,Silentnight Comfort Ortho Divan ,SCOD,No,,,,5.04E+12,Furniture > Beds & Accessories > Beds,150cm-comfort-ortho-sandstone-tuf-pt-n-s,582.5,466,,0,,,Silentnight,Sandstone,Enabled,No,Not Visible Individually,Taxable Goods,No,Firm,2 Weeks,Silentnight,,,Divan Beds,Comfort,King Size (5'),,,Please select...,Please select...,Please select...,Please select...,,<p>,<p>,,,,,,,,24/12/2016 00:00,27/01/2017 00:00,,,,,100,0,0,0,0,0,0,0,0,0,1,,0,0,0,0,0,1,0,1,0,0,0,1,"Silentnight Comfort Miracoil Ortho Divan, Platform Top, No Storage in Sandstone, King Size",0,simple,,,,,,,,,,,,,,,,,,,,Platform base,No Storage,,,,,,,,,,,,,,,,,,,,,,,,,,,,,,,,
admin,base,Divans,simple,,25CMTF150ST0012,1,"Silentnight Comfort Miracoil Ortho Divan, Platform Top, 2 Drawers in Sandstone, King Size",,,/c/o/core_a_amsterdam_tufted_4draw_co_1_16.jpg,/c/o/core_a_amsterdam_tufted_2draw_cropt_16.jpg,/c/o/core_a_amsterdam_tufted_2draw_cropt_16.jpg,,No layout updates,Product Info Column,,,, ,Use config,Use config,No,No,Use config,Tufted,,,Trade-in,,,Silentnight Comfort Ortho Divan ,SCOD,No,,,,5.04E+12,Furniture > Beds & Accessories > Beds,150cm-comfort-ortho-sandstone-tuf-pt-2-dr,615.8334,466,,0,,,Silentnight,Sandstone,Enabled,No,Not Visible Individually,Taxable Goods,No,Firm,2 Weeks,Silentnight,,,Divan Beds,Comfort,King Size (5'),,,Please select...,Please select...,Please select...,Please select...,,<p>,<p>,,,,,,,,24/12/2016 00:00,27/01/2017 00:00,,,,,100,0,0,0,0,0,0,0,0,0,1,,0,0,0,0,0,1,0,1,0,0,0,1,"Silentnight Comfort Miracoil Ortho Divan, Platform Top, 2 Drawers in Sandstone, King Size",0,simple,,,,,,,,,,,,,,,,,,,,Platform base,2 Drawers,,,,,,,,,,,,,,,,,,,,,,,,,,,,,,,,
admin,base,Divans,simple,,25CMTF150ST0013,1,"Silentnight Comfort Miracoil Ortho Divan, Platform Top, 2 + 2 Continental in Sandstone, King Size",,,/c/o/core_a_amsterdam_tufted_4draw_co_1_17.jpg,/c/o/core_a_amsterdam_tufted_2draw_cropt_17.jpg,/c/o/core_a_amsterdam_tufted_2draw_cropt_17.jpg,,No layout updates,Product Info Column,,,, ,Use config,Use config,No,No,Use config,Tufted,,,Trade-in,,,Silentnight Comfort Ortho Divan ,SCOD,No,,,,5.04E+12,Furniture > Beds & Accessories > Beds,150cm-comfort-ortho-sandstone-tuf-pt-2-2-dr,657.5,466,,0,,,Silentnight,Sandstone,Enabled,No,Not Visible Individually,Taxable Goods,No,Firm,2 Weeks,Silentnight,,,Divan Beds,Comfort,King Size (5'),,,Please select...,Please select...,Please select...,Please select...,,<p>,<p>,,,,,,,,24/12/2016 00:00,27/01/2017 00:00,,,,,100,0,0,0,0,0,0,0,0,0,1,,0,0,0,0,0,1,0,1,0,0,0,1,"Silentnight Comfort Miracoil Ortho Divan, Platform Top, 2 + 2 Continental in Sandstone, King Size",0,simple,,,,,,,,,,,,,,,,,,,,Platform base,2 + 2 Continental,,,,,,,,,,,,,,,,,,,,,,,,,,,,,,,,
admin,base,Divans,simple,,25CMTF150ST0014,1,"Silentnight Comfort Miracoil Ortho Divan, Platform Top, 4 Drawers in Sandstone, King Size",,,/c/o/core_a_amsterdam_tufted_4draw_co_1_18.jpg,/c/o/core_a_amsterdam_tufted_2draw_cropt_18.jpg,/c/o/core_a_amsterdam_tufted_2draw_cropt_18.jpg,,No layout updates,Product Info Column,,,, ,Use config,Use config,No,No,Use config,Tufted,,,Trade-in,,,Silentnight Comfort Ortho Divan ,SCOD,No,,,,5.04E+12,Furniture > Beds & Accessories > Beds,150cm-comfort-ortho-sandstone-tuf-pt-4-dr,657.5,466,,0,,,Silentnight,Sandstone,Enabled,No,Not Visible Individually,Taxable Goods,No,Firm,2 Weeks,Silentnight,,,Divan Beds,Comfort,King Size (5'),,,Please select...,Please select...,Please select...,Please select...,,<p>,<p>,,,,,,,,24/12/2016 00:00,27/01/2017 00:00,,,,,100,0,0,0,0,0,0,0,0,0,1,,0,0,0,0,1,1,0,1,0,0,1,1,"Silentnight Comfort Miracoil Ortho Divan, Platform Top, 4 Drawers in Sandstone, King Size",0,simple,,,,,,,,,,,,,,,,,,,,Platform base,4 Drawers,,,,,,,,,,,,,,,,,,,,,,,,,,,,,,,,
admin,base,Divans,simple,,25CMTF150ST0015,1,"Silentnight Comfort Miracoil Ortho  Divan, Platform Top, No Storage + Ottoman in Sandstone, King Size",,,/c/o/core_a_amsterdam_tufted_4draw_co_1_19.jpg,/c/o/core_a_amsterdam_tufted_2draw_cropt_19.jpg,/c/o/core_a_amsterdam_tufted_2draw_cropt_19.jpg,,No layout updates,Product Info Column,,,, ,Use config,Use config,No,No,Use config,Tufted,,,Trade-in,,,Silentnight Comfort Ortho Divan ,SCOD,No,,,,5.04E+12,Furniture > Beds & Accessories > Beds,150cm-comfort-ortho-sandstone-tuf-n-s-otto,674.1667,466,,0,,,Silentnight,Sandstone,Enabled,No,Not Visible Individually,Taxable Goods,No,Firm,2 Weeks,Silentnight,,,Divan Beds,Comfort,King Size (5'),,,Please select...,Please select...,Please select...,Please select...,,<p>,<p>,,,,,,,,24/12/2016 00:00,27/01/2017 00:00,,,,,100,0,0,0,0,0,0,0,0,0,1,,0,0,0,0,0,1,0,1,0,0,0,1,"Silentnight Comfort Miracoil Ortho  Divan, Platform Top, No Storage + Ottoman in Sandstone, King Size",0,simple,,,,,,,,,,,,,,,,,,,,Platform base,No Storage + Ottoman,,,,,,,,,,,,,,,,,,,,,,,,,,,,,,,,
admin,base,Divans,simple,,25CMTF150ST0016,1,"Silentnight Comfort Miracoil Ortho  Divan, Platform Top, 2 Drawer + Ottoman in Sandstone, King Size",,,/c/o/core_a_amsterdam_tufted_4draw_co_1_20.jpg,/c/o/core_a_amsterdam_tufted_2draw_cropt_20.jpg,/c/o/core_a_amsterdam_tufted_2draw_cropt_20.jpg,,No layout updates,Product Info Column,,,, ,Use config,Use config,No,No,Use config,Tufted,,,Trade-in,,,Silentnight Comfort Ortho Divan ,SCOD,No,,,,5.04E+12,Furniture > Beds & Accessories > Beds,150cm-comfort-ortho-sandstone-tuf-2-dr-otto,724.1667,466,,0,,,Silentnight,Sandstone,Enabled,No,Not Visible Individually,Taxable Goods,No,Firm,2 Weeks,Silentnight,,,Divan Beds,Comfort,King Size (5'),,,Please select...,Please select...,Please select...,Please select...,,<p>,<p>,,,,,,,,24/12/2016 00:00,27/01/2017 00:00,,,,,100,0,0,0,0,0,0,0,0,0,1,,0,0,0,0,0,1,0,1,0,0,0,1,"Silentnight Comfort Miracoil Ortho  Divan, Platform Top, 2 Drawer + Ottoman in Sandstone, King Size",0,simple,,,,,,,,,,,,,,,,,,,,Platform base,2 Drawer + Ottoman,,,,,,,,,,,,,,,,,,,,,,,,,,,,,,,,
admin,base,Divans,simple,,25CMTF150ST0017,1,"Silentnight Comfort Miracoil Ortho  Divan, Platform Top, Mini Drawer + Ottoman in Sandstone, King Size",,,/c/o/core_a_amsterdam_tufted_4draw_co_1_21.jpg,/c/o/core_a_amsterdam_tufted_2draw_cropt_21.jpg,/c/o/core_a_amsterdam_tufted_2draw_cropt_21.jpg,,No layout updates,Product Info Column,,,, ,Use config,Use config,No,No,Use config,Tufted,,,Trade-in,,,Silentnight Comfort Ortho Divan ,SCOD,No,,,,5.04E+12,Furniture > Beds & Accessories > Beds,150cm-comfort-ortho-sandstone-tuf-conti-otto,724.1667,466,,0,,,Silentnight,Sandstone,Enabled,No,Not Visible Individually,Taxable Goods,No,Firm,2 Weeks,Silentnight,,,Divan Beds,Comfort,King Size (5'),,,Please select...,Please select...,Please select...,Please select...,,<p>,<p>,,,,,,,,24/12/2016 00:00,27/01/2017 00:00,,,,,100,0,0,0,0,0,0,0,0,0,1,,0,0,0,0,0,1,0,1,0,0,0,1,"Silentnight Comfort Miracoil Ortho  Divan, Platform Top, Mini Drawer + Ottoman in Sandstone, King Size",0,simple,,,,,,,,,,,,,,,,,,,,Platform base,Mini Drawer + Ottoman,,,,,,,,,,,,,,,,,,,,,,,,,,,,,,,,
admin,base,Divans,simple,,25CMTF180ST0011,1,"Silentnight Comfort Miracoil Ortho Divan, Platform Top, No Storage in Sandstone, Super King",,,/c/o/core_a_amsterdam_tufted_4draw_co_1_22.jpg,/c/o/core_a_amsterdam_tufted_2draw_cropt_22.jpg,/c/o/core_a_amsterdam_tufted_2draw_cropt_22.jpg,,,Product Info Column,,,,,,,,,Use config,Tufted,,,Trade-in,,,Silentnight Comfort Ortho Divan ,SCOD,,,,,5.04E+12,Furniture > Beds & Accessories > Beds,180cm-comfort-ortho-sandstone-tuf-pt-n-s,715.8333,572.6666,,,,,Silentnight,Sandstone,Enabled,,Not Visible Individually,Taxable Goods,,Firm,2 Weeks,Silentnight,,,Divan Beds,Comfort,Super King (6'),,,,,,,,<p>,<p>,,,,,,,,24/12/2016 00:00,27/01/2017 00:00,,,,,100,0,0,0,0,0,0,0,0,0,0,,0,0,0,0,0,1,0,1,0,0,0,1,"Silentnight Comfort Miracoil Ortho Divan, Platform Top, No Storage in Sandstone, Super King",0,simple,,,,,,,,,,,,,,,,,,,,Platform base,No Storage,,,,,,,,,,,,,,,,,,,,,,,,,,,,,,,,
admin,base,Divans,simple,,25CMTF180ST0012,1,"Silentnight Comfort Miracoil Ortho Divan, Platform Top, 2 Drawers in Sandstone, Super King",,,/c/o/core_a_amsterdam_tufted_4draw_co_1_23.jpg,/c/o/core_a_amsterdam_tufted_2draw_cropt_23.jpg,/c/o/core_a_amsterdam_tufted_2draw_cropt_23.jpg,,,Product Info Column,,,,,,,,,Use config,Tufted,,,Trade-in,,,Silentnight Comfort Ortho Divan ,SCOD,,,,,5.04E+12,Furniture > Beds & Accessories > Beds,180cm-comfort-ortho-sandstone-tuf-pt-2-dr,765.8333,572.6666,,,,,Silentnight,Sandstone,Enabled,,Not Visible Individually,Taxable Goods,,Firm,2 Weeks,Silentnight,,,Divan Beds,Comfort,Super King (6'),,,,,,,,<p>,<p>,,,,,,,,24/12/2016 00:00,27/01/2017 00:00,,,,,100,0,0,0,0,0,0,0,0,0,0,,0,0,0,0,0,1,0,1,0,0,0,1,"Silentnight Comfort Miracoil Ortho Divan, Platform Top, 2 Drawers in Sandstone, Super King",0,simple,,,,,,,,,,,,,,,,,,,,Platform base,2 Drawers,,,,,,,,,,,,,,,,,,,,,,,,,,,,,,,,
admin,base,Divans,simple,,25CMTF180ST0013,1,"Silentnight Comfort Miracoil Ortho Divan, Platform Top, 2 + 2 Continental in Sandstone, Super King",,,/c/o/core_a_amsterdam_tufted_4draw_co_1_24.jpg,/c/o/core_a_amsterdam_tufted_2draw_cropt_24.jpg,/c/o/core_a_amsterdam_tufted_2draw_cropt_24.jpg,,,Product Info Column,,,,,,,,,Use config,Tufted,,,Trade-in,,,Silentnight Comfort Ortho Divan ,SCOD,,,,,5.04E+12,Furniture > Beds & Accessories > Beds,180cm-comfort-ortho-sandstone-tuf-pt-2-2-dr,799.1666,572.6666,,,,,Silentnight,Sandstone,Enabled,,Not Visible Individually,Taxable Goods,,Firm,2 Weeks,Silentnight,,,Divan Beds,Comfort,Super King (6'),,,,,,,,<p>,<p>,,,,,,,,24/12/2016 00:00,27/01/2017 00:00,,,,,100,0,0,0,0,0,0,0,0,0,0,,0,0,0,0,0,1,0,1,0,0,0,1,"Silentnight Comfort Miracoil Ortho Divan, Platform Top, 2 + 2 Continental in Sandstone, Super King",0,simple,,,,,,,,,,,,,,,,,,,,Platform base,2 + 2 Continental,,,,,,,,,,,,,,,,,,,,,,,,,,,,,,,,
admin,base,Divans,simple,,25CMTF180ST0014,1,"Silentnight Comfort Miracoil Ortho Divan, Platform Top, 4 Drawers in Sandstone, Super King",,,/c/o/core_a_amsterdam_tufted_4draw_co_1_25.jpg,/c/o/core_a_amsterdam_tufted_2draw_cropt_25.jpg,/c/o/core_a_amsterdam_tufted_2draw_cropt_25.jpg,,,Product Info Column,,,,,,,,,Use config,Tufted,,,Trade-in,,,Silentnight Comfort Ortho Divan ,SCOD,,,,,5.04E+12,Furniture > Beds & Accessories > Beds,180cm-comfort-ortho-sandstone-tuf-pt-4-dr,799.1666,572.6666,,,,,Silentnight,Sandstone,Enabled,,Not Visible Individually,Taxable Goods,,Firm,2 Weeks,Silentnight,,,Divan Beds,Comfort,Super King (6'),,,,,,,,<p>,<p>,,,,,,,,24/12/2016 00:00,27/01/2017 00:00,,,,,100,0,0,0,0,0,0,0,0,0,0,,0,0,0,0,0,1,0,1,0,0,0,1,"Silentnight Comfort Miracoil Ortho Divan, Platform Top, 4 Drawers in Sandstone, Super King",0,simple,,,,,,,,,,,,,,,,,,,,Platform base,4 Drawers,,,,,,,,,,,,,,,,,,,,,,,,,,,,,,,,
